2A26B1B2	00B7A3DD	2222----
2A26B1B2	014EF238	55------
2A26B1B2	01A18BF7	0-------
2A26B1B2	04896D14	00------
2A26B1B2	06946300	555555--
2A26B1B2	0788E6D7	00------
2A26B1B2	090044D9	222-----
2A26B1B2	09143248	00------
2A26B1B2	0AB5DFBA	222-----
2A26B1B2	0AEF5A61	00------
2A26B1B2	0B1C4AD7	5-------
2A26B1B2	0B9360D3	4-------
2A26B1B2	0BA9D51F	223-----
2A26B1B2	0C953D0A	0-------
2A26B1B2	0CA58DC2	22------
2A26B1B2	0D47910F	22222222
2A26B1B2	0E4DD851	22------
2A26B1B2	0F93236E	1-------
2A26B1B2	1012C4E8	0-------
2A26B1B2	10D34368	2222----
2A26B1B2	112D05CB	4-------
2A26B1B2	138619B0	4-------
2A26B1B2	14DBD53F	5-------
2A26B1B2	1541282A	33------
2A26B1B2	15F60DA5	4-------
2A26B1B2	17523167	0-------
2A26B1B2	185D2339	0-------
2A26B1B2	187D5322	22------
2A26B1B2	1AE1B82D	2-------
2A26B1B2	1B6314E1	4-------
2A26B1B2	1B8429CB	0-------
2A26B1B2	1BC3BE8E	00------
2A26B1B2	1C56A593	2-------
2A26B1B2	1E7721CE	4-------
2A26B1B2	1F48C43A	5-------
2A26B1B2	213FDF93	4-------
2A26B1B2	21DD10B8	0-------
2A26B1B2	21E1E848	22------
2A26B1B2	2216F778	0-------
2A26B1B2	228A88EA	2222----
2A26B1B2	2301BA67	4-------
2A26B1B2	23BF0A5C	0-------
2A26B1B2	26A1A9BB	44------
2A26B1B2	2797F75E	22222222
2A26B1B2	27A70C2F	555-----
2A26B1B2	2840249E	0-------
2A26B1B2	28BD0326	0-------
2A26B1B2	299AD261	5-------
2A26B1B2	2B00F0DD	5-------
2A26B1B2	2B8B4507	00------
2A26B1B2	2B99994E	11------
2A26B1B2	2D641792	22------
2A26B1B2	2E80D75B	0-------
2A26B1B2	2E9189B1	22------
2A26B1B2	315CAFF8	000-----
2A26B1B2	321C6E05	00------
2A26B1B2	330D186E	22------
2A26B1B2	3328F5C5	223-----
2A26B1B2	35031459	22------
2A26B1B2	36E6993D	00------
2A26B1B2	37639659	33------
2A26B1B2	37D4ADB7	001-----
2A26B1B2	382F0262	0-------
2A26B1B2	39123F9E	00------
2A26B1B2	3A24642C	2-------
2A26B1B2	3C405FB5	0-------
2A26B1B2	3C61C58C	5-------
2A26B1B2	3CAAD804	00------
2A26B1B2	3D19B24A	333-----
2A26B1B2	3F01A65C	33------
2A26B1B2	4060981E	5-------
2A26B1B2	4119A163	222-----
2A26B1B2	44A9A7AE	0-------
2A26B1B2	4519A8CE	4-------
2A26B1B2	45213479	5-------
2A26B1B2	4623F1DB	222-----
2A26B1B2	483EFA58	22------
2A26B1B2	4899DA7D	5-------
2A26B1B2	48C1A188	1-------
2A26B1B2	49AB74FD	22------
2A26B1B2	4A03E588	4-------
2A26B1B2	4ADF81CE	1-------
2A26B1B2	4B9DC608	44------
2A26B1B2	4BCC8D65	3-------
2A26B1B2	4D3C3180	000-----
2A26B1B2	4D90A6F5	222-----
2A26B1B2	4F6F2726	0-------
2A26B1B2	4F9E6DF5	4-------
2A26B1B2	4FEE00FA	00000---
2A26B1B2	5017D198	4-------
2A26B1B2	528C8AD5	0-------
2A26B1B2	528FD47E	3-------
2A26B1B2	530C32F8	001-----
2A26B1B2	54CD3DD1	1-------
2A26B1B2	5578F669	0-------
2A26B1B2	560AE703	2-------
2A26B1B2	5711999A	4-------
2A26B1B2	58B6CEE0	0-------
2A26B1B2	597E7A06	0-------
2A26B1B2	5985C415	222-----
2A26B1B2	59DB6D63	222-----
2A26B1B2	5D3339FB	0-------
2A26B1B2	5E7CBC34	1-------
2A26B1B2	5EDA8F9F	22222223
2A26B1B2	5F08E510	0-------
2A26B1B2	5F785691	5-------
2A26B1B2	612D7598	001-----
2A26B1B2	61523313	1-------
2A26B1B2	61E8EC78	0000----
2A26B1B2	628D7847	0-------
2A26B1B2	631DDA06	33------
2A26B1B2	637C997E	22------
2A26B1B2	6447CBF5	0-------
2A26B1B2	64638C05	011-----
2A26B1B2	657F9E90	000-----
2A26B1B2	66122B87	000-----
2A26B1B2	6778530C	0-------
2A26B1B2	6AFB074B	22------
2A26B1B2	6B989D51	2-------
2A26B1B2	6CD6426F	22------
2A26B1B2	6D51971D	000-----
2A26B1B2	6DF3E229	4-------
2A26B1B2	6F7923C5	4-------
2A26B1B2	71F2A5CD	44------
2A26B1B2	7255EEAC	1-------
2A26B1B2	7276EF3B	0-------
2A26B1B2	740CE8B0	55------
2A26B1B2	747BBC40	00000000
2A26B1B2	75032099	22------
2A26B1B2	7521B03E	00------
2A26B1B2	77F27675	222-----
2A26B1B2	79BE42CC	3-------
2A26B1B2	7B712595	000000--
2A26B1B2	7D066E7C	0-------
2A26B1B2	7D56321E	000-----
2A26B1B2	7DA73073	1-------
2A26B1B2	7DCD5917	0-------
2A26B1B2	7E08B0A7	00------
2A26B1B2	7E83934C	00------
2A26B1B2	7F8F11DC	0-------
2A26B1B2	814E6DC7	1-------
2A26B1B2	81F169D5	5-------
2A26B1B2	82597C70	4-------
2A26B1B2	8417D829	00------
2A26B1B2	860089DC	0-------
2A26B1B2	88B53B80	55------
2A26B1B2	89F72D91	222-----
2A26B1B2	8A9819DF	00------
2A26B1B2	8AF7B42F	2-------
2A26B1B2	8CBD4892	00------
2A26B1B2	8CC1A91A	22------
2A26B1B2	8D5D3A96	2-------
2A26B1B2	8E153047	2-------
2A26B1B2	8ED514E2	222-----
2A26B1B2	8EF570DE	1-------
2A26B1B2	900956D6	5-------
2A26B1B2	939B9227	5-------
2A26B1B2	946316C4	2-------
2A26B1B2	959F7B3D	0-------
2A26B1B2	95F884CC	4-------
2A26B1B2	969FD36A	0-------
2A26B1B2	972595F6	22------
2A26B1B2	97892849	00------
2A26B1B2	97F063B1	5-------
2A26B1B2	98B4E0DE	0-------
2A26B1B2	98BA36F3	22------
2A26B1B2	9933E8F4	00------
2A26B1B2	99D75290	5-------
2A26B1B2	9A202149	00------
2A26B1B2	9A787EC3	001-----
2A26B1B2	9BBA9063	223-----
2A26B1B2	9C23F75C	1-------
2A26B1B2	9EF08A91	2222----
2A26B1B2	A3E5A39E	0-------
2A26B1B2	A3ECAC3D	00------
2A26B1B2	A6B76EF5	22222---
2A26B1B2	A85CA4BE	4-------
2A26B1B2	A878C155	000-----
2A26B1B2	A929F4F7	0-------
2A26B1B2	A9B9139F	44------
2A26B1B2	A9E32819	3-------
2A26B1B2	A9E4C2EE	0-------
2A26B1B2	AA9323AC	000000--
2A26B1B2	ABC21599	001-----
2A26B1B2	AC2F48EC	5-------
2A26B1B2	AE9A9020	0000----
2A26B1B2	AEFF47F9	2-------
2A26B1B2	AF432509	4-------
2A26B1B2	B389D646	0-------
2A26B1B2	B43FEC62	4-------
2A26B1B2	B52E5CA6	00------
2A26B1B2	B6F56356	0-------
2A26B1B2	B78DDC27	000000--
2A26B1B2	B9ADA8A1	2-------
2A26B1B2	BC7FCEB6	000-----
2A26B1B2	BD9DEF1E	001-----
2A26B1B2	BF8C0982	3-------
2A26B1B2	C04DFE9A	22------
2A26B1B2	C4063B5A	000-----
2A26B1B2	C4117841	11------
2A26B1B2	C441DFFB	4-------
2A26B1B2	C67C8B3F	3-------
2A26B1B2	C8F1CC79	22------
2A26B1B2	CB7CD7AE	5-------
2A26B1B2	CBEACA2A	2222----
2A26B1B2	CC65FD00	22------
2A26B1B2	CEEB5EC7	33------
2A26B1B2	CF058F5E	5-------
2A26B1B2	D1956CCE	2222222-
2A26B1B2	D347D7A8	2-------
2A26B1B2	D50D9ECC	000000--
2A26B1B2	D5C3C52A	0-------
2A26B1B2	D5DF998C	0-------
2A26B1B2	D71A34BD	0-------
2A26B1B2	D7AE2661	4-------
2A26B1B2	D7C7868C	0-------
2A26B1B2	E211725B	00000---
2A26B1B2	E5670E1D	4-------
2A26B1B2	E6F67AE1	2222----
2A26B1B2	E7AAF51D	000-----
2A26B1B2	EA3D79C1	44------
2A26B1B2	EAB6A975	5-------
2A26B1B2	EACAE80E	4-------
2A26B1B2	EAF01CED	0-------
2A26B1B2	EB2D0C97	0-------
2A26B1B2	EB2E72DD	000-----
2A26B1B2	F0390A21	22222---
2A26B1B2	F04822A9	2-------
2A26B1B2	F0B4FEB6	4-------
2A26B1B2	F1BE31E8	3-------
2A26B1B2	F1E0C7EA	0-------
2A26B1B2	F38E1401	222-----
2A26B1B2	F3F54BE0	00------
2A26B1B2	F56FB908	222-----
2A26B1B2	F6F54013	5-------
2A26B1B2	F70FFB9E	5-------
2A26B1B2	F977E904	223-----
2A26B1B2	FBE00F54	4-------
2A26B1B2	FECEE06F	0-------
2A26B1B2	FEF8F9BC	011-----
2A26B1B2	FF5FCFD4	0-------
2A26B1B2	FFB74B45	0-------
A4ACBA76	00B7A3DD	2222----
A4ACBA76	014EF238	55------
A4ACBA76	01A18BF7	0-------
A4ACBA76	02F8E033	000-----
A4ACBA76	04896D14	00------
A4ACBA76	06946300	555555--
A4ACBA76	0788E6D7	00------
A4ACBA76	09143248	00------
A4ACBA76	0AEF5A61	00------
A4ACBA76	0B1C4AD7	5-------
A4ACBA76	0B9360D3	4-------
A4ACBA76	0BA9D51F	223-----
A4ACBA76	0C953D0A	0-------
A4ACBA76	0CA58DC2	22------
A4ACBA76	0CFE03D1	2-------
A4ACBA76	0D47910F	22222222
A4ACBA76	0E4DD851	22------
A4ACBA76	0E852312	0-------
A4ACBA76	0F93236E	1-------
A4ACBA76	1012C4E8	0-------
A4ACBA76	10D34368	2222----
A4ACBA76	112D05CB	4-------
A4ACBA76	138619B0	4-------
A4ACBA76	14DBD53F	5-------
A4ACBA76	1541282A	33------
A4ACBA76	15F60DA5	4-------
A4ACBA76	17523167	0-------
A4ACBA76	185D2339	0-------
A4ACBA76	187D5322	22------
A4ACBA76	1B6314E1	4-------
A4ACBA76	1B8429CB	0-------
A4ACBA76	1BC3BE8E	00------
A4ACBA76	1CF1BA9E	000-----
A4ACBA76	1E7721CE	4-------
A4ACBA76	1F48C43A	5-------
A4ACBA76	213FDF93	4-------
A4ACBA76	21DD10B8	0-------
A4ACBA76	21E1E848	22------
A4ACBA76	228A88EA	2222----
A4ACBA76	2301BA67	4-------
A4ACBA76	23BF0A5C	0-------
A4ACBA76	26A1A9BB	44------
A4ACBA76	2797F75E	22222222
A4ACBA76	27A70C2F	555-----
A4ACBA76	28752C10	000-----
A4ACBA76	28BD0326	0-------
A4ACBA76	299AD261	5-------
A4ACBA76	2B00F0DD	5-------
A4ACBA76	2B8B4507	00------
A4ACBA76	2B99994E	11------
A4ACBA76	2BB02ABE	2-------
A4ACBA76	2D641792	22------
A4ACBA76	2E80D75B	0-------
A4ACBA76	2E9189B1	22------
A4ACBA76	30B1ED13	222-----
A4ACBA76	315CAFF8	000-----
A4ACBA76	321C6E05	00------
A4ACBA76	330D186E	22------
A4ACBA76	3328F5C5	223-----
A4ACBA76	35031459	22------
A4ACBA76	36E6993D	00------
A4ACBA76	37639659	33------
A4ACBA76	37D4ADB7	001-----
A4ACBA76	39123F9E	00------
A4ACBA76	3AF18CD4	222-----
A4ACBA76	3C61C58C	5-------
A4ACBA76	3CAAD804	00------
A4ACBA76	3D19B24A	333-----
A4ACBA76	3E2FF72F	0-------
A4ACBA76	3F01A65C	33------
A4ACBA76	4060981E	5-------
A4ACBA76	4153C744	000-----
A4ACBA76	44A9A7AE	0-------
A4ACBA76	4519A8CE	4-------
A4ACBA76	45213479	5-------
A4ACBA76	4623F1DB	222-----
A4ACBA76	483EFA58	22------
A4ACBA76	4899DA7D	5-------
A4ACBA76	48C1A188	1-------
A4ACBA76	49AB74FD	22------
A4ACBA76	4A03E588	4-------
A4ACBA76	4ADF81CE	1-------
A4ACBA76	4B9DC608	44------
A4ACBA76	4BCC8D65	3-------
A4ACBA76	4C4E9D17	2-------
A4ACBA76	4D90A6F5	222-----
A4ACBA76	4F6F2726	0-------
A4ACBA76	4F9E6DF5	4-------
A4ACBA76	4FEE00FA	00000---
A4ACBA76	5017D198	4-------
A4ACBA76	528C8AD5	0-------
A4ACBA76	528FD47E	3-------
A4ACBA76	530C32F8	001-----
A4ACBA76	54CD3DD1	1-------
A4ACBA76	560AE703	2-------
A4ACBA76	5711999A	4-------
A4ACBA76	58B6CEE0	0-------
A4ACBA76	597E7A06	0-------
A4ACBA76	59DB6D63	222-----
A4ACBA76	5A3FE795	222-----
A4ACBA76	5AAC91FC	2-------
A4ACBA76	5C8AEBA2	000-----
A4ACBA76	5D3339FB	0-------
A4ACBA76	5E7CBC34	1-------
A4ACBA76	5EDA8F9F	22222223
A4ACBA76	5F08E510	0-------
A4ACBA76	5F785691	5-------
A4ACBA76	612D7598	001-----
A4ACBA76	61384790	000-----
A4ACBA76	61523313	1-------
A4ACBA76	617BBB54	0-------
A4ACBA76	61E8EC78	0000----
A4ACBA76	631DDA06	33------
A4ACBA76	6337F0DB	000-----
A4ACBA76	637C997E	22------
A4ACBA76	6447CBF5	0-------
A4ACBA76	64638C05	011-----
A4ACBA76	6778530C	0-------
A4ACBA76	6ADD4B46	2-------
A4ACBA76	6AFB074B	22------
A4ACBA76	6CD6426F	22------
A4ACBA76	6DF3E229	4-------
A4ACBA76	6F4009A0	0-------
A4ACBA76	6F7923C5	4-------
A4ACBA76	706F8857	0-------
A4ACBA76	71F2A5CD	44------
A4ACBA76	7255EEAC	1-------
A4ACBA76	740CE8B0	55------
A4ACBA76	747BBC40	00000000
A4ACBA76	75032099	22------
A4ACBA76	7521B03E	00------
A4ACBA76	79BE42CC	3-------
A4ACBA76	7B712595	000000--
A4ACBA76	7D066E7C	0-------
A4ACBA76	7D4E94F9	2-------
A4ACBA76	7DA73073	1-------
A4ACBA76	7E08B0A7	00------
A4ACBA76	7E83934C	00------
A4ACBA76	7F8F11DC	0-------
A4ACBA76	814E6DC7	1-------
A4ACBA76	81F169D5	5-------
A4ACBA76	82597C70	4-------
A4ACBA76	8417D829	00------
A4ACBA76	860089DC	0-------
A4ACBA76	88B53B80	55------
A4ACBA76	8A9819DF	00------
A4ACBA76	8CBD4892	00------
A4ACBA76	8CC1A91A	22------
A4ACBA76	8CCD27AE	222-----
A4ACBA76	8D5D3A96	2-------
A4ACBA76	8EF570DE	1-------
A4ACBA76	900956D6	5-------
A4ACBA76	92DFF011	0-------
A4ACBA76	939B9227	5-------
A4ACBA76	946316C4	2-------
A4ACBA76	959F7B3D	0-------
A4ACBA76	95F884CC	4-------
A4ACBA76	969FD36A	0-------
A4ACBA76	972038BB	222-----
A4ACBA76	972595F6	22------
A4ACBA76	97892849	00------
A4ACBA76	97F063B1	5-------
A4ACBA76	98BA36F3	22------
A4ACBA76	9933E8F4	00------
A4ACBA76	99A07FF4	2-------
A4ACBA76	99D75290	5-------
A4ACBA76	9A202149	00------
A4ACBA76	9A787EC3	001-----
A4ACBA76	9BBA9063	223-----
A4ACBA76	9C23F75C	1-------
A4ACBA76	9D0B7D17	0-------
A4ACBA76	9EF08A91	2222----
A4ACBA76	A3E5A39E	0-------
A4ACBA76	A3ECAC3D	00------
A4ACBA76	A6B76EF5	22222---
A4ACBA76	A85CA4BE	4-------
A4ACBA76	A929F4F7	0-------
A4ACBA76	A9B9139F	44------
A4ACBA76	A9E32819	3-------
A4ACBA76	A9E4C2EE	0-------
A4ACBA76	AA084CAD	222-----
A4ACBA76	AA9323AC	000000--
A4ACBA76	ABC21599	001-----
A4ACBA76	AC2F48EC	5-------
A4ACBA76	AC5ABAD0	0-------
A4ACBA76	AE9A9020	0000----
A4ACBA76	AF432509	4-------
A4ACBA76	B2481D74	000-----
A4ACBA76	B389D646	0-------
A4ACBA76	B43FEC62	4-------
A4ACBA76	B4F94F71	222-----
A4ACBA76	B52E5CA6	00------
A4ACBA76	B6F56356	0-------
A4ACBA76	B78DDC27	000000--
A4ACBA76	B8263338	0-------
A4ACBA76	B9ADA8A1	2-------
A4ACBA76	BBCBBBDB	2-------
A4ACBA76	BD9DEF1E	001-----
A4ACBA76	BF8C0982	3-------
A4ACBA76	C04DFE9A	22------
A4ACBA76	C4117841	11------
A4ACBA76	C441DFFB	4-------
A4ACBA76	C67C8B3F	3-------
A4ACBA76	C8F1CC79	22------
A4ACBA76	CB1FC496	222-----
A4ACBA76	CB7CD7AE	5-------
A4ACBA76	CBEACA2A	2222----
A4ACBA76	CC3F4582	2-------
A4ACBA76	CC65FD00	22------
A4ACBA76	CEEB5EC7	33------
A4ACBA76	CF058F5E	5-------
A4ACBA76	D1956CCE	2222222-
A4ACBA76	D50D9ECC	000000--
A4ACBA76	D5C3C52A	0-------
A4ACBA76	D5DF998C	0-------
A4ACBA76	D64D1F66	222-----
A4ACBA76	D71A34BD	0-------
A4ACBA76	D7AE2661	4-------
A4ACBA76	D7C7868C	0-------
A4ACBA76	E1742256	000-----
A4ACBA76	E211725B	00000---
A4ACBA76	E5670E1D	4-------
A4ACBA76	E6F67AE1	2222----
A4ACBA76	E7AAF51D	000-----
A4ACBA76	EA3D79C1	44------
A4ACBA76	EAB6A975	5-------
A4ACBA76	EACAE80E	4-------
A4ACBA76	EAF01CED	0-------
A4ACBA76	EB2D0C97	0-------
A4ACBA76	F0390A21	22222---
A4ACBA76	F0B4FEB6	4-------
A4ACBA76	F1BE31E8	3-------
A4ACBA76	F1E0C7EA	0-------
A4ACBA76	F3F54BE0	00------
A4ACBA76	F6F54013	5-------
A4ACBA76	F70FFB9E	5-------
A4ACBA76	F977E904	223-----
A4ACBA76	FBE00F54	4-------
A4ACBA76	FECEE06F	0-------
A4ACBA76	FEF8F9BC	011-----
A4ACBA76	FF5FCFD4	0-------
A4ACBA76	FFB74B45	0-------
18E2F9F9	00B7A3DD	2222----
18E2F9F9	014EF238	55------
18E2F9F9	01A18BF7	0-------
18E2F9F9	04896D14	00------
18E2F9F9	06946300	555555--
18E2F9F9	0788E6D7	00------
18E2F9F9	09143248	00------
18E2F9F9	0AEF5A61	00------
18E2F9F9	0B1C4AD7	5-------
18E2F9F9	0B9360D3	4-------
18E2F9F9	0BA9D51F	223-----
18E2F9F9	0C953D0A	0-------
18E2F9F9	0CA58DC2	22------
18E2F9F9	0D47910F	22222222
18E2F9F9	0E4DD851	22------
18E2F9F9	0F93236E	1-------
18E2F9F9	1012C4E8	0-------
18E2F9F9	10D34368	2222----
18E2F9F9	112D05CB	4-------
18E2F9F9	138619B0	4-------
18E2F9F9	14DBD53F	5-------
18E2F9F9	1541282A	33------
18E2F9F9	15F60DA5	4-------
18E2F9F9	17523167	0-------
18E2F9F9	185D2339	0-------
18E2F9F9	187D5322	22------
18E2F9F9	1B6314E1	4-------
18E2F9F9	1B8429CB	0-------
18E2F9F9	1BC3BE8E	00------
18E2F9F9	1E7721CE	4-------
18E2F9F9	1F48C43A	5-------
18E2F9F9	213FDF93	4-------
18E2F9F9	21DD10B8	0-------
18E2F9F9	21E1E848	22------
18E2F9F9	228A88EA	2222----
18E2F9F9	2301BA67	4-------
18E2F9F9	23BF0A5C	0-------
18E2F9F9	26A1A9BB	44------
18E2F9F9	2797F75E	22222222
18E2F9F9	27A70C2F	555-----
18E2F9F9	28BD0326	0-------
18E2F9F9	299AD261	5-------
18E2F9F9	299BE2B4	000-----
18E2F9F9	2B00F0DD	5-------
18E2F9F9	2B8B4507	00------
18E2F9F9	2B99994E	11------
18E2F9F9	2D641792	22------
18E2F9F9	2D77C9A8	000-----
18E2F9F9	2E80D75B	0-------
18E2F9F9	2E9189B1	22------
18E2F9F9	311C1266	000-----
18E2F9F9	315CAFF8	0000----
18E2F9F9	321C6E05	00------
18E2F9F9	330D186E	22------
18E2F9F9	3328F5C5	223-----
18E2F9F9	35031459	22------
18E2F9F9	36E6993D	00------
18E2F9F9	37639659	33------
18E2F9F9	37D4ADB7	001-----
18E2F9F9	39123F9E	00------
18E2F9F9	39C0C1AD	0-------
18E2F9F9	3A1A8955	2-------
18E2F9F9	3C61C58C	5-------
18E2F9F9	3CAAD804	00------
18E2F9F9	3D19B24A	333-----
18E2F9F9	3F01A65C	33------
18E2F9F9	4060981E	5-------
18E2F9F9	44A9A7AE	0-------
18E2F9F9	4519A8CE	4-------
18E2F9F9	45213479	5-------
18E2F9F9	4623F1DB	222-----
18E2F9F9	46AFAC25	0-------
18E2F9F9	47EEB913	0-------
18E2F9F9	483EFA58	22------
18E2F9F9	4899DA7D	5-------
18E2F9F9	48C1A188	1-------
18E2F9F9	49AB74FD	22------
18E2F9F9	4ADF81CE	1-------
18E2F9F9	4B9DC608	44------
18E2F9F9	4BCC8D65	3-------
18E2F9F9	4D90A6F5	222-----
18E2F9F9	4F6F2726	0-------
18E2F9F9	4F9E6DF5	4-------
18E2F9F9	4FEE00FA	00000---
18E2F9F9	5017D198	4-------
18E2F9F9	528C8AD5	0-------
18E2F9F9	528FD47E	3-------
18E2F9F9	530C32F8	001-----
18E2F9F9	54CD3DD1	1-------
18E2F9F9	560AE703	2-------
18E2F9F9	5711999A	4-------
18E2F9F9	58B6CEE0	0-------
18E2F9F9	597E7A06	0-------
18E2F9F9	59DB6D63	222-----
18E2F9F9	5D3339FB	0-------
18E2F9F9	5E7CBC34	1-------
18E2F9F9	5EDA8F9F	22222223
18E2F9F9	5F08E510	0-------
18E2F9F9	5F785691	5-------
18E2F9F9	612D7598	001-----
18E2F9F9	61523313	1-------
18E2F9F9	61E8EC78	0000----
18E2F9F9	631DDA06	33------
18E2F9F9	637C997E	22------
18E2F9F9	6447CBF5	0-------
18E2F9F9	64638C05	011-----
18E2F9F9	6778530C	0-------
18E2F9F9	6AFB074B	22------
18E2F9F9	6CD6426F	22------
18E2F9F9	6DF3E229	4-------
18E2F9F9	71F2A5CD	44------
18E2F9F9	7255EEAC	1-------
18E2F9F9	740CE8B0	55------
18E2F9F9	747BBC40	00000000
18E2F9F9	75032099	22------
18E2F9F9	7521B03E	00------
18E2F9F9	79BE42CC	3-------
18E2F9F9	7B712595	000000--
18E2F9F9	7D066E7C	0-------
18E2F9F9	7DA73073	1-------
18E2F9F9	7E08B0A7	00------
18E2F9F9	7E83934C	00------
18E2F9F9	7F8F11DC	0-------
18E2F9F9	814E6DC7	1-------
18E2F9F9	81F169D5	5-------
18E2F9F9	82597C70	4-------
18E2F9F9	8417D829	00------
18E2F9F9	860089DC	0-------
18E2F9F9	87DA12D2	222-----
18E2F9F9	88B53B80	55------
18E2F9F9	88B5ADDA	22------
18E2F9F9	8A9819DF	00------
18E2F9F9	8CBD4892	00------
18E2F9F9	8CC1A91A	22------
18E2F9F9	8D5D3A96	2-------
18E2F9F9	8EF570DE	1-------
18E2F9F9	900956D6	5-------
18E2F9F9	939B9227	5-------
18E2F9F9	946316C4	2-------
18E2F9F9	947A6ADB	000-----
18E2F9F9	959F7B3D	0-------
18E2F9F9	95F884CC	4-------
18E2F9F9	969FD36A	0-------
18E2F9F9	972595F6	22------
18E2F9F9	97892849	00------
18E2F9F9	97F063B1	5-------
18E2F9F9	98BA36F3	22------
18E2F9F9	9933E8F4	00------
18E2F9F9	99D75290	5-------
18E2F9F9	9A202149	00------
18E2F9F9	9A787EC3	001-----
18E2F9F9	9BBA9063	223-----
18E2F9F9	9C23F75C	1-------
18E2F9F9	9EF08A91	2222----
18E2F9F9	A3E5A39E	0-------
18E2F9F9	A3ECAC3D	00------
18E2F9F9	A5A92549	0-------
18E2F9F9	A6B76EF5	22222---
18E2F9F9	A85CA4BE	4-------
18E2F9F9	A929F4F7	0-------
18E2F9F9	A9B9139F	44------
18E2F9F9	A9E32819	3-------
18E2F9F9	A9E4C2EE	0-------
18E2F9F9	AA9323AC	000000--
18E2F9F9	ABC21599	001-----
18E2F9F9	AC2F48EC	5-------
18E2F9F9	AE9A9020	000-----
18E2F9F9	AF432509	4-------
18E2F9F9	B389D646	0-------
18E2F9F9	B43FEC62	4-------
18E2F9F9	B52E5CA6	00------
18E2F9F9	B6F56356	0-------
18E2F9F9	B77783E1	0-------
18E2F9F9	B78DDC27	000000--
18E2F9F9	B87039CA	000-----
18E2F9F9	B9ADA8A1	2-------
18E2F9F9	BD9DEF1E	001-----
18E2F9F9	BF8C0982	3-------
18E2F9F9	C04DFE9A	22------
18E2F9F9	C1C134D3	0-------
18E2F9F9	C4117841	11------
18E2F9F9	C441DFFB	4-------
18E2F9F9	C6696F14	0-------
18E2F9F9	C67C8B3F	3-------
18E2F9F9	C8F0052D	22------
18E2F9F9	C8F1CC79	22------
18E2F9F9	CB7CD7AE	5-------
18E2F9F9	CBEACA2A	2222----
18E2F9F9	CC65FD00	22------
18E2F9F9	CCE63E51	2-------
18E2F9F9	CEEB5EC7	33------
18E2F9F9	CF058F5E	5-------
18E2F9F9	D1956CCE	222222--
18E2F9F9	D2A5F8C0	222-----
18E2F9F9	D50D9ECC	000000--
18E2F9F9	D5C3C52A	0-------
18E2F9F9	D5DF998C	0-------
18E2F9F9	D5E6ABA3	4-------
18E2F9F9	D71A34BD	0-------
18E2F9F9	D7AE2661	4-------
18E2F9F9	D7C7868C	0-------
18E2F9F9	E0E4C296	000-----
18E2F9F9	E211725B	00000---
18E2F9F9	E2AAF8A9	0-------
18E2F9F9	E5670E1D	4-------
18E2F9F9	E6F67AE1	2222----
18E2F9F9	E7AAF51D	000-----
18E2F9F9	E7EF72E7	4-------
18E2F9F9	E91785EE	222-----
18E2F9F9	EA3D79C1	44------
18E2F9F9	EAB6A975	5-------
18E2F9F9	EACAE80E	4-------
18E2F9F9	EAF01CED	0-------
18E2F9F9	EB2D0C97	0-------
18E2F9F9	ED90BCDC	2-------
18E2F9F9	F0B4FEB6	4-------
18E2F9F9	F1BE31E8	3-------
18E2F9F9	F1E0C7EA	0-------
18E2F9F9	F3F54BE0	00------
18E2F9F9	F6F54013	5-------
18E2F9F9	F70FFB9E	5-------
18E2F9F9	F977E904	223-----
18E2F9F9	FBE00F54	4-------
18E2F9F9	FECEE06F	0-------
18E2F9F9	FEF8F9BC	011-----
18E2F9F9	FF5FCFD4	0-------
18E2F9F9	FFA3EB47	000-----
18E2F9F9	FFB74B45	0-------
079DF0CC	00B7A3DD	22------
079DF0CC	014EF238	55------
079DF0CC	01A18BF7	00------
079DF0CC	04896D14	00------
079DF0CC	06946300	555555--
079DF0CC	0788E6D7	00------
079DF0CC	09143248	00------
079DF0CC	0AEF5A61	00------
079DF0CC	0B1C4AD7	5-------
079DF0CC	0B9360D3	4-------
079DF0CC	0BA9D51F	223-----
079DF0CC	0C953D0A	00------
079DF0CC	0CA58DC2	22------
079DF0CC	0D47910F	22222---
079DF0CC	0E4DD851	22------
079DF0CC	0F93236E	1-------
079DF0CC	1012C4E8	0-------
079DF0CC	10D34368	2222----
079DF0CC	112D05CB	4-------
079DF0CC	138619B0	4-------
079DF0CC	14DBD53F	5-------
079DF0CC	1541282A	33------
079DF0CC	15F60DA5	4-------
079DF0CC	17523167	0-------
079DF0CC	18491891	0-------
079DF0CC	185D2339	0-------
079DF0CC	187D5322	22------
079DF0CC	1B6314E1	4-------
079DF0CC	1B8429CB	0-------
079DF0CC	1BC3BE8E	00------
079DF0CC	1E5C6614	000-----
079DF0CC	1E7721CE	4-------
079DF0CC	1F48C43A	5-------
079DF0CC	20C6E02D	000-----
079DF0CC	213FDF93	4-------
079DF0CC	21DD10B8	0-------
079DF0CC	21E1E848	22------
079DF0CC	22DD28A6	2-------
079DF0CC	2301BA67	4-------
079DF0CC	23BF0A5C	0-------
079DF0CC	26A1A9BB	44------
079DF0CC	2797F75E	2222222-
079DF0CC	27A70C2F	555-----
079DF0CC	28BD0326	0-------
079DF0CC	299AD261	5-------
079DF0CC	29C7F02D	0-------
079DF0CC	2B00F0DD	5-------
079DF0CC	2B8B4507	00------
079DF0CC	2B99994E	11------
079DF0CC	2D641792	22------
079DF0CC	2E80D75B	0-------
079DF0CC	2E9189B1	22------
079DF0CC	315CAFF8	00------
079DF0CC	3217CCCA	0-------
079DF0CC	321C6E05	00------
079DF0CC	3328F5C5	223-----
079DF0CC	35031459	22------
079DF0CC	36E6993D	00------
079DF0CC	37639659	33------
079DF0CC	37D4ADB7	001-----
079DF0CC	39123F9E	00------
079DF0CC	39FDB2DA	000-----
079DF0CC	3C3E7611	0-------
079DF0CC	3C61C58C	5-------
079DF0CC	3CAAD804	00------
079DF0CC	3CD481F4	000-----
079DF0CC	3D19B24A	333-----
079DF0CC	3F01A65C	33------
079DF0CC	4060981E	5-------
079DF0CC	44EF882C	0-------
079DF0CC	4519A8CE	4-------
079DF0CC	45213479	5-------
079DF0CC	4623F1DB	2222----
079DF0CC	483EFA58	22------
079DF0CC	4899DA7D	5-------
079DF0CC	48C1A188	1-------
079DF0CC	497F7CFB	222-----
079DF0CC	49AB74FD	22------
079DF0CC	4ADF81CE	1-------
079DF0CC	4B5EB7B9	000-----
079DF0CC	4B9DC608	44------
079DF0CC	4BCC8D65	3-------
079DF0CC	4D90A6F5	22------
079DF0CC	4F9E6DF5	4-------
079DF0CC	4FEE00FA	00000---
079DF0CC	5017D198	4-------
079DF0CC	528C8AD5	0-------
079DF0CC	528FD47E	3-------
079DF0CC	530C32F8	001-----
079DF0CC	532AA0BE	0-------
079DF0CC	54CD3DD1	1-------
079DF0CC	560AE703	22------
079DF0CC	56CC6DC2	22------
079DF0CC	5711999A	4-------
079DF0CC	57F3F2A2	00------
079DF0CC	58B6CEE0	0-------
079DF0CC	597E7A06	0-------
079DF0CC	59DB6D63	222-----
079DF0CC	5D3339FB	00------
079DF0CC	5E7CBC34	1-------
079DF0CC	5EDA8F9F	22222223
079DF0CC	5F08E510	0-------
079DF0CC	5F785691	5-------
079DF0CC	612D7598	001-----
079DF0CC	61523313	1-------
079DF0CC	61E8EC78	00------
079DF0CC	631DDA06	33------
079DF0CC	637C997E	2-------
079DF0CC	6447CBF5	0-------
079DF0CC	64638C05	011-----
079DF0CC	6778530C	0-------
079DF0CC	6AFB074B	2-------
079DF0CC	6CD6426F	22------
079DF0CC	6DF3E229	4-------
079DF0CC	71F2A5CD	44------
079DF0CC	7255EEAC	1-------
079DF0CC	72CB398E	0-------
079DF0CC	740CE8B0	55------
079DF0CC	747BBC40	00000---
079DF0CC	75032099	22------
079DF0CC	7521B03E	00------
079DF0CC	79BE42CC	3-------
079DF0CC	7B712595	00------
079DF0CC	7DA73073	1-------
079DF0CC	7E08B0A7	00------
079DF0CC	7E83934C	00------
079DF0CC	7F8F11DC	0-------
079DF0CC	814E6DC7	1-------
079DF0CC	81F169D5	5-------
079DF0CC	82597C70	4-------
079DF0CC	8417D829	00------
079DF0CC	87782415	000-----
079DF0CC	88B53B80	55------
079DF0CC	88B5ADDA	22------
079DF0CC	8A9819DF	00------
079DF0CC	8CBD4892	00------
079DF0CC	8CC1A91A	22------
079DF0CC	8D1CF066	000-----
079DF0CC	8D5D3A96	2-------
079DF0CC	8EF570DE	1-------
079DF0CC	900956D6	5-------
079DF0CC	90ABB59C	000-----
079DF0CC	939B9227	5-------
079DF0CC	959F7B3D	0-------
079DF0CC	95ED461E	000-----
079DF0CC	95F884CC	4-------
079DF0CC	969FD36A	0-------
079DF0CC	972595F6	22------
079DF0CC	97892849	00------
079DF0CC	97F063B1	5-------
079DF0CC	98BA36F3	22------
079DF0CC	9933E8F4	00------
079DF0CC	99D75290	5-------
079DF0CC	9A202149	00------
079DF0CC	9A787EC3	001-----
079DF0CC	9BBA9063	223-----
079DF0CC	9C23F75C	1-------
079DF0CC	9EF08A91	2222----
079DF0CC	A128619C	00------
079DF0CC	A3E5A39E	0-------
079DF0CC	A3ECAC3D	00------
079DF0CC	A6B76EF5	22222---
079DF0CC	A85CA4BE	4-------
079DF0CC	A929F4F7	0-------
079DF0CC	A9B9139F	44------
079DF0CC	A9E32819	3-------
079DF0CC	A9E4C2EE	0-------
079DF0CC	AA9323AC	0-------
079DF0CC	ABC21599	001-----
079DF0CC	AC2F48EC	5-------
079DF0CC	AE9A9020	000-----
079DF0CC	AF432509	4-------
079DF0CC	B389D646	0-------
079DF0CC	B43FEC62	4-------
079DF0CC	B52E5CA6	00------
079DF0CC	B6F56356	0-------
079DF0CC	B77783E1	000-----
079DF0CC	B78DDC27	000000--
079DF0CC	B96BF46A	22------
079DF0CC	B9ADA8A1	2-------
079DF0CC	BD9DEF1E	001-----
079DF0CC	BF8C0982	3-------
079DF0CC	C04DFE9A	22------
079DF0CC	C1854DC6	2-------
079DF0CC	C4117841	11------
079DF0CC	C441DFFB	4-------
079DF0CC	C67C8B3F	3-------
079DF0CC	C8F0052D	22------
079DF0CC	C8F1CC79	222-----
079DF0CC	CB7CD7AE	5-------
079DF0CC	CBEACA2A	22222---
079DF0CC	CC65FD00	22------
079DF0CC	CCE63E51	2-------
079DF0CC	CEEB5EC7	33------
079DF0CC	CF058F5E	5-------
079DF0CC	D13013E3	0-------
079DF0CC	D1956CCE	22222---
079DF0CC	D50D9ECC	000000--
079DF0CC	D5DF998C	0-------
079DF0CC	D5E6ABA3	4-------
079DF0CC	D7AE2661	4-------
079DF0CC	D7C7868C	0-------
079DF0CC	D7CCC4D4	000-----
079DF0CC	E1B1810A	2-------
079DF0CC	E211725B	00000---
079DF0CC	E46061A5	0-------
079DF0CC	E5670E1D	4-------
079DF0CC	E6F67AE1	2222----
079DF0CC	E7A8BC91	0-------
079DF0CC	E7AAF51D	0-------
079DF0CC	E7EF72E7	4-------
079DF0CC	EA3D79C1	44------
079DF0CC	EAB6A975	5-------
079DF0CC	EACAE80E	4-------
079DF0CC	EB2D0C97	0-------
079DF0CC	F0B4FEB6	4-------
079DF0CC	F1BE31E8	3-------
079DF0CC	F1E0C7EA	0-------
079DF0CC	F3F54BE0	00------
079DF0CC	F6F54013	5-------
079DF0CC	F70FFB9E	5-------
079DF0CC	F977E904	223-----
079DF0CC	F9AC8596	00------
079DF0CC	FBE00F54	4-------
079DF0CC	FEF8F9BC	011-----
079DF0CC	FF5FCFD4	0-------
079DF0CC	FFB74B45	0-------
4D0A60C3	00B7A3DD	2222----
4D0A60C3	014EF238	55------
4D0A60C3	01A18BF7	0-------
4D0A60C3	04896D14	00------
4D0A60C3	06946300	555555--
4D0A60C3	0788E6D7	00------
4D0A60C3	08E7C41B	0-------
4D0A60C3	09143248	00------
4D0A60C3	0AEF5A61	00------
4D0A60C3	0B1C4AD7	5-------
4D0A60C3	0B9360D3	4-------
4D0A60C3	0BA9D51F	223-----
4D0A60C3	0C953D0A	0-------
4D0A60C3	0CA58DC2	22------
4D0A60C3	0D47910F	22222222
4D0A60C3	0E4DD851	22------
4D0A60C3	0F93236E	1-------
4D0A60C3	1012C4E8	0-------
4D0A60C3	10D34368	2222----
4D0A60C3	112D05CB	4-------
4D0A60C3	13509300	000-----
4D0A60C3	138619B0	4-------
4D0A60C3	14DBD53F	5-------
4D0A60C3	1541282A	33------
4D0A60C3	15F60DA5	4-------
4D0A60C3	17523167	0-------
4D0A60C3	185D2339	0-------
4D0A60C3	187D5322	22------
4D0A60C3	1B6314E1	4-------
4D0A60C3	1B8429CB	0-------
4D0A60C3	1BC3BE8E	00------
4D0A60C3	1E7721CE	4-------
4D0A60C3	1F48C43A	5-------
4D0A60C3	213FDF93	4-------
4D0A60C3	21DD10B8	0-------
4D0A60C3	21E1E848	22------
4D0A60C3	228A88EA	2222----
4D0A60C3	2301BA67	4-------
4D0A60C3	23BF0A5C	0-------
4D0A60C3	26A1A9BB	44------
4D0A60C3	2797F75E	22222222
4D0A60C3	27A70C2F	555-----
4D0A60C3	28BD0326	0-------
4D0A60C3	299AD261	5-------
4D0A60C3	2B00F0DD	5-------
4D0A60C3	2B8B4507	00------
4D0A60C3	2B99994E	11------
4D0A60C3	2D641792	22------
4D0A60C3	2E80D75B	0-------
4D0A60C3	2E9189B1	22------
4D0A60C3	315CAFF8	00------
4D0A60C3	321C6E05	00------
4D0A60C3	330D186E	22------
4D0A60C3	3328F5C5	223-----
4D0A60C3	35031459	22------
4D0A60C3	36E6993D	00------
4D0A60C3	37639659	33------
4D0A60C3	37D4ADB7	001-----
4D0A60C3	39123F9E	00------
4D0A60C3	3A059827	222-----
4D0A60C3	3A75E292	0-------
4D0A60C3	3C61C58C	5-------
4D0A60C3	3CAAD804	00------
4D0A60C3	3D19B24A	333-----
4D0A60C3	3F01A65C	33------
4D0A60C3	4060981E	5-------
4D0A60C3	44A9A7AE	0-------
4D0A60C3	4519A8CE	4-------
4D0A60C3	45213479	5-------
4D0A60C3	4623F1DB	222-----
4D0A60C3	483EFA58	22------
4D0A60C3	48556400	0-------
4D0A60C3	4899DA7D	5-------
4D0A60C3	48C1A188	1-------
4D0A60C3	49AB74FD	22------
4D0A60C3	4ADF81CE	1-------
4D0A60C3	4B9DC608	44------
4D0A60C3	4BCC8D65	3-------
4D0A60C3	4F6F2726	0-------
4D0A60C3	4F9E6DF5	4-------
4D0A60C3	4FEE00FA	00000---
4D0A60C3	5017D198	4-------
4D0A60C3	528C8AD5	0-------
4D0A60C3	528FD47E	3-------
4D0A60C3	530C32F8	001-----
4D0A60C3	536B6FBE	000-----
4D0A60C3	54CD3DD1	1-------
4D0A60C3	560AE703	22------
4D0A60C3	5711999A	4-------
4D0A60C3	58B6CEE0	0-------
4D0A60C3	597E7A06	0-------
4D0A60C3	59DB6D63	22------
4D0A60C3	5D3339FB	0-------
4D0A60C3	5E7CBC34	1-------
4D0A60C3	5EDA8F9F	22222223
4D0A60C3	5F08E510	0-------
4D0A60C3	5F785691	5-------
4D0A60C3	612D7598	001-----
4D0A60C3	61523313	1-------
4D0A60C3	61E8EC78	0000----
4D0A60C3	631DDA06	33------
4D0A60C3	637C997E	22------
4D0A60C3	6447CBF5	0-------
4D0A60C3	64638C05	011-----
4D0A60C3	674FC485	0-------
4D0A60C3	6778530C	0-------
4D0A60C3	6AFB074B	22------
4D0A60C3	6CD6426F	22------
4D0A60C3	6DF3E229	4-------
4D0A60C3	701A2BF0	0-------
4D0A60C3	71F2A5CD	44------
4D0A60C3	7255EEAC	1-------
4D0A60C3	7398D848	000-----
4D0A60C3	740CE8B0	55------
4D0A60C3	747BBC40	00000000
4D0A60C3	75032099	22------
4D0A60C3	7521B03E	00------
4D0A60C3	79BE42CC	3-------
4D0A60C3	7B712595	000000--
4D0A60C3	7D066E7C	0-------
4D0A60C3	7DA73073	1-------
4D0A60C3	7E08B0A7	00------
4D0A60C3	7E83934C	00------
4D0A60C3	7F8F11DC	0-------
4D0A60C3	814E6DC7	1-------
4D0A60C3	81F169D5	5-------
4D0A60C3	82597C70	4-------
4D0A60C3	8417D829	00------
4D0A60C3	860089DC	0-------
4D0A60C3	88B53B80	55------
4D0A60C3	88B5ADDA	22------
4D0A60C3	8A9819DF	00------
4D0A60C3	8CBD4892	00------
4D0A60C3	8CC1A91A	22------
4D0A60C3	8D5D3A96	2-------
4D0A60C3	8EC0E8D2	222-----
4D0A60C3	8EF570DE	1-------
4D0A60C3	8F6D8DCF	0-------
4D0A60C3	900956D6	5-------
4D0A60C3	91CF9488	0-------
4D0A60C3	939B9227	5-------
4D0A60C3	946316C4	2-------
4D0A60C3	959F7B3D	0-------
4D0A60C3	95F884CC	4-------
4D0A60C3	969FD36A	0-------
4D0A60C3	972595F6	22------
4D0A60C3	97892849	00------
4D0A60C3	97F063B1	5-------
4D0A60C3	98BA36F3	22------
4D0A60C3	9933E8F4	00------
4D0A60C3	99D75290	5-------
4D0A60C3	9A202149	00------
4D0A60C3	9A787EC3	001-----
4D0A60C3	9BBA9063	223-----
4D0A60C3	9C23F75C	1-------
4D0A60C3	9EF08A91	2222----
4D0A60C3	A128619C	0-------
4D0A60C3	A2021E93	000-----
4D0A60C3	A3E5A39E	0-------
4D0A60C3	A3ECAC3D	00------
4D0A60C3	A6B76EF5	22222---
4D0A60C3	A85CA4BE	4-------
4D0A60C3	A929F4F7	0-------
4D0A60C3	A9B9139F	44------
4D0A60C3	A9E32819	3-------
4D0A60C3	A9E4C2EE	0-------
4D0A60C3	AA9323AC	000000--
4D0A60C3	ABC21599	001-----
4D0A60C3	AC2F48EC	5-------
4D0A60C3	AE9A9020	000-----
4D0A60C3	AF432509	4-------
4D0A60C3	B389D646	0-------
4D0A60C3	B43FEC62	4-------
4D0A60C3	B52E5CA6	00------
4D0A60C3	B66E80FD	0-------
4D0A60C3	B6F56356	0-------
4D0A60C3	B77783E1	0-------
4D0A60C3	B78DDC27	000000--
4D0A60C3	B9ADA8A1	2-------
4D0A60C3	BA57B87E	0-------
4D0A60C3	BD9DEF1E	001-----
4D0A60C3	BF8C0982	3-------
4D0A60C3	C04DFE9A	22------
4D0A60C3	C4117841	11------
4D0A60C3	C441DFFB	4-------
4D0A60C3	C67C8B3F	3-------
4D0A60C3	C8F0052D	22------
4D0A60C3	C8F1CC79	22------
4D0A60C3	CB7CD7AE	5-------
4D0A60C3	CBEACA2A	2222----
4D0A60C3	CC65FD00	22------
4D0A60C3	CCE63E51	2-------
4D0A60C3	CEEB5EC7	33------
4D0A60C3	CF058F5E	5-------
4D0A60C3	D1956CCE	2222222-
4D0A60C3	D50D9ECC	000000--
4D0A60C3	D5C3C52A	0-------
4D0A60C3	D5DF998C	0-------
4D0A60C3	D5E6ABA3	4-------
4D0A60C3	D71A34BD	0-------
4D0A60C3	D7AE2661	4-------
4D0A60C3	D7C7868C	0-------
4D0A60C3	D9C02702	000-----
4D0A60C3	DA47F3D4	000-----
4D0A60C3	DE2FE4F9	000-----
4D0A60C3	DE5A501D	000-----
4D0A60C3	E211725B	00000---
4D0A60C3	E5670E1D	4-------
4D0A60C3	E6F67AE1	2222----
4D0A60C3	E7AAF51D	000-----
4D0A60C3	E7EF72E7	4-------
4D0A60C3	E8F0E19D	000-----
4D0A60C3	EA3D79C1	44------
4D0A60C3	EAB6A975	5-------
4D0A60C3	EACAE80E	4-------
4D0A60C3	EAF01CED	0-------
4D0A60C3	EB2D0C97	0-------
4D0A60C3	EF116DD7	0-------
4D0A60C3	F0B4FEB6	4-------
4D0A60C3	F1BE31E8	3-------
4D0A60C3	F1E0C7EA	0-------
4D0A60C3	F3F54BE0	00------
4D0A60C3	F6F54013	5-------
4D0A60C3	F70FFB9E	5-------
4D0A60C3	F977E904	223-----
4D0A60C3	FBE00F54	4-------
4D0A60C3	FECEE06F	0-------
4D0A60C3	FEF8F9BC	011-----
4D0A60C3	FF5FCFD4	0-------
4D0A60C3	FFB74B45	0-------
DD7A151E	00B7A3DD	2222----
DD7A151E	014EF238	55------
DD7A151E	01A18BF7	0-------
DD7A151E	04896D14	00------
DD7A151E	06946300	555555--
DD7A151E	0788E6D7	00------
DD7A151E	09143248	00------
DD7A151E	0AEF5A61	00------
DD7A151E	0B1C4AD7	5-------
DD7A151E	0B6D37B8	0-------
DD7A151E	0B9360D3	4-------
DD7A151E	0BA9D51F	223-----
DD7A151E	0C953D0A	0-------
DD7A151E	0CA58DC2	22------
DD7A151E	0D47910F	22222222
DD7A151E	0E4DD851	22------
DD7A151E	0F93236E	1-------
DD7A151E	1012C4E8	0-------
DD7A151E	10D34368	2222----
DD7A151E	112D05CB	4-------
DD7A151E	1266C526	000-----
DD7A151E	138619B0	4-------
DD7A151E	14DBD53F	5-------
DD7A151E	1541282A	33------
DD7A151E	15F60DA5	4-------
DD7A151E	17523167	0-------
DD7A151E	185D2339	0-------
DD7A151E	187D5322	22------
DD7A151E	1B6314E1	4-------
DD7A151E	1B8429CB	0-------
DD7A151E	1BC3BE8E	00------
DD7A151E	1E7721CE	4-------
DD7A151E	1F48C43A	5-------
DD7A151E	213FDF93	4-------
DD7A151E	21DD10B8	0-------
DD7A151E	21E1E848	22------
DD7A151E	228A88EA	2222----
DD7A151E	2301BA67	4-------
DD7A151E	23BF0A5C	0-------
DD7A151E	26A1A9BB	44------
DD7A151E	2797F75E	22222222
DD7A151E	27A70C2F	555-----
DD7A151E	28BD0326	0-------
DD7A151E	299AD261	5-------
DD7A151E	2B00F0DD	5-------
DD7A151E	2B8B4507	00------
DD7A151E	2B99994E	11------
DD7A151E	2D641792	22------
DD7A151E	2E80D75B	0-------
DD7A151E	2E9189B1	22------
DD7A151E	315CAFF8	000-----
DD7A151E	321C6E05	00------
DD7A151E	330D186E	22------
DD7A151E	3328F5C5	223-----
DD7A151E	35031459	22------
DD7A151E	36E6993D	00------
DD7A151E	37639659	33------
DD7A151E	37D4ADB7	001-----
DD7A151E	39123F9E	00------
DD7A151E	3C61C58C	5-------
DD7A151E	3CAAD804	00------
DD7A151E	3D19B24A	333-----
DD7A151E	3E925E06	000-----
DD7A151E	3F01A65C	33------
DD7A151E	4060981E	5-------
DD7A151E	44A9A7AE	0-------
DD7A151E	4519A8CE	4-------
DD7A151E	45213479	5-------
DD7A151E	4623F1DB	2222----
DD7A151E	46A4EC6D	000-----
DD7A151E	483EFA58	22------
DD7A151E	4899DA7D	5-------
DD7A151E	48C1A188	1-------
DD7A151E	49AB74FD	22------
DD7A151E	4ADF81CE	1-------
DD7A151E	4B9DC608	44------
DD7A151E	4BCC8D65	3-------
DD7A151E	4D90A6F5	22------
DD7A151E	4F6F2726	0-------
DD7A151E	4F9E6DF5	4-------
DD7A151E	4FEE00FA	00000---
DD7A151E	5017D198	4-------
DD7A151E	528C8AD5	0-------
DD7A151E	528FD47E	3-------
DD7A151E	530C32F8	001-----
DD7A151E	54CD3DD1	1-------
DD7A151E	560AE703	2-------
DD7A151E	5711999A	4-------
DD7A151E	572EB2B4	0-------
DD7A151E	57DC96A8	000-----
DD7A151E	58B6CEE0	0-------
DD7A151E	597E7A06	0-------
DD7A151E	59DB6D63	222-----
DD7A151E	5B031237	0-------
DD7A151E	5D3339FB	0-------
DD7A151E	5E7CBC34	1-------
DD7A151E	5EDA8F9F	22222223
DD7A151E	5F08E510	0-------
DD7A151E	5F785691	5-------
DD7A151E	601C51CE	000-----
DD7A151E	612D7598	001-----
DD7A151E	61523313	1-------
DD7A151E	61E8EC78	0000----
DD7A151E	631DDA06	33------
DD7A151E	637C997E	22------
DD7A151E	6447CBF5	0-------
DD7A151E	64638C05	011-----
DD7A151E	6778530C	0-------
DD7A151E	6AFB074B	22------
DD7A151E	6CD6426F	22------
DD7A151E	6DF3E229	4-------
DD7A151E	71F2A5CD	44------
DD7A151E	7255EEAC	1-------
DD7A151E	72BDAC1E	0-------
DD7A151E	740CE8B0	55------
DD7A151E	747BBC40	0000000-
DD7A151E	75032099	22------
DD7A151E	7521B03E	00------
DD7A151E	79BE42CC	3-------
DD7A151E	7B5F4601	0-------
DD7A151E	7B712595	000000--
DD7A151E	7D066E7C	0-------
DD7A151E	7DA73073	1-------
DD7A151E	7E08B0A7	00------
DD7A151E	7E83934C	00------
DD7A151E	7F8F11DC	0-------
DD7A151E	814E6DC7	1-------
DD7A151E	81F169D5	5-------
DD7A151E	82597C70	4-------
DD7A151E	8417D829	00------
DD7A151E	860089DC	0-------
DD7A151E	88B53B80	55------
DD7A151E	88B5ADDA	22------
DD7A151E	8A9819DF	00------
DD7A151E	8CBD4892	00------
DD7A151E	8CC1A91A	22------
DD7A151E	8D5D3A96	2-------
DD7A151E	8EF570DE	1-------
DD7A151E	90074F04	000-----
DD7A151E	900956D6	5-------
DD7A151E	939B9227	5-------
DD7A151E	946316C4	2-------
DD7A151E	959F7B3D	0-------
DD7A151E	95F884CC	4-------
DD7A151E	969FD36A	0-------
DD7A151E	972595F6	22------
DD7A151E	97892849	00------
DD7A151E	97F063B1	5-------
DD7A151E	98BA36F3	22------
DD7A151E	9933E8F4	00------
DD7A151E	99D75290	5-------
DD7A151E	9A202149	00------
DD7A151E	9A787EC3	001-----
DD7A151E	9BBA9063	223-----
DD7A151E	9C23F75C	1-------
DD7A151E	9EF08A91	2222----
DD7A151E	9FA6D178	0-------
DD7A151E	A128619C	0-------
DD7A151E	A3E5A39E	0-------
DD7A151E	A3ECAC3D	00------
DD7A151E	A6B76EF5	22222---
DD7A151E	A85CA4BE	4-------
DD7A151E	A929F4F7	0-------
DD7A151E	A9B9139F	44------
DD7A151E	A9E32819	3-------
DD7A151E	A9E4C2EE	0-------
DD7A151E	AA9323AC	000000--
DD7A151E	ABC21599	001-----
DD7A151E	AC2F48EC	5-------
DD7A151E	AE9A9020	00000---
DD7A151E	AF432509	4-------
DD7A151E	B389D646	0-------
DD7A151E	B43FEC62	4-------
DD7A151E	B4A63D24	0-------
DD7A151E	B52E5CA6	00------
DD7A151E	B6F56356	0-------
DD7A151E	B78DDC27	00000---
DD7A151E	B9ADA8A1	2-------
DD7A151E	B9DC2EE5	2-------
DD7A151E	BD9DEF1E	001-----
DD7A151E	BF8C0982	3-------
DD7A151E	C04DFE9A	22------
DD7A151E	C31E1000	000-----
DD7A151E	C4117841	11------
DD7A151E	C441DFFB	4-------
DD7A151E	C67C8B3F	3-------
DD7A151E	C8F0052D	22------
DD7A151E	C8F1CC79	22------
DD7A151E	CB7CD7AE	5-------
DD7A151E	CBEACA2A	2222----
DD7A151E	CC65FD00	22------
DD7A151E	CCE63E51	2-------
DD7A151E	CEA0DAC7	0-------
DD7A151E	CEEB5EC7	33------
DD7A151E	CF058F5E	5-------
DD7A151E	D1956CCE	2222222-
DD7A151E	D50D9ECC	000000--
DD7A151E	D5C3C52A	0-------
DD7A151E	D5DF998C	0-------
DD7A151E	D5E6ABA3	4-------
DD7A151E	D71A34BD	0-------
DD7A151E	D7AE2661	4-------
DD7A151E	D7B00294	0-------
DD7A151E	D7C7868C	0-------
DD7A151E	E211725B	00000---
DD7A151E	E359C6A2	000-----
DD7A151E	E5670E1D	4-------
DD7A151E	E6F67AE1	2222----
DD7A151E	E7353FCE	222-----
DD7A151E	E7AAF51D	000-----
DD7A151E	E7EF72E7	4-------
DD7A151E	EA3D79C1	44------
DD7A151E	EAB6A975	5-------
DD7A151E	EACAE80E	4-------
DD7A151E	EAF01CED	0-------
DD7A151E	EB2D0C97	0-------
DD7A151E	EFD694C0	000-----
DD7A151E	F0B4FEB6	4-------
DD7A151E	F1BE31E8	3-------
DD7A151E	F1E0C7EA	0-------
DD7A151E	F3F54BE0	00------
DD7A151E	F6F54013	5-------
DD7A151E	F70FFB9E	5-------
DD7A151E	F977E904	223-----
DD7A151E	FBE00F54	4-------
DD7A151E	FECEE06F	0-------
DD7A151E	FEF8F9BC	011-----
DD7A151E	FF5FCFD4	0-------
DD7A151E	FFB74B45	0-------
C8616284	00B7A3DD	2222----
C8616284	01495902	222-----
C8616284	014EF238	55------
C8616284	01A18BF7	0-------
C8616284	04896D14	00------
C8616284	05CC614A	2-------
C8616284	06946300	555555--
C8616284	0788E6D7	00------
C8616284	09143248	00------
C8616284	0AEF5A61	00------
C8616284	0B1C4AD7	5-------
C8616284	0B9360D3	4-------
C8616284	0BA9D51F	223-----
C8616284	0C953D0A	0-------
C8616284	0CA58DC2	22------
C8616284	0D47910F	22222222
C8616284	0E4DD851	22------
C8616284	0F93236E	1-------
C8616284	1012C4E8	0-------
C8616284	10D34368	2222----
C8616284	112D05CB	4-------
C8616284	138619B0	4-------
C8616284	14DBD53F	5-------
C8616284	1541282A	33------
C8616284	15F60DA5	4-------
C8616284	17523167	0-------
C8616284	185D2339	0-------
C8616284	187D5322	22------
C8616284	1B6314E1	4-------
C8616284	1B8429CB	0-------
C8616284	1BC3BE8E	00------
C8616284	1E7721CE	4-------
C8616284	1F48C43A	5-------
C8616284	213FDF93	4-------
C8616284	21DD10B8	0-------
C8616284	21E1E848	22------
C8616284	228A88EA	2222----
C8616284	2301BA67	4-------
C8616284	23BF0A5C	0-------
C8616284	26A1A9BB	44------
C8616284	2797F75E	22222222
C8616284	27A70C2F	555-----
C8616284	28BD0326	0-------
C8616284	299AD261	5-------
C8616284	2B00F0DD	5-------
C8616284	2B8B4507	00------
C8616284	2B99994E	11------
C8616284	2D13448F	00------
C8616284	2D641792	22------
C8616284	2E80D75B	0-------
C8616284	2E9189B1	22------
C8616284	321C6E05	00------
C8616284	330D186E	22------
C8616284	3328F5C5	223-----
C8616284	35031459	22------
C8616284	36E6993D	00------
C8616284	37639659	33------
C8616284	37D4ADB7	001-----
C8616284	39123F9E	00------
C8616284	3C61C58C	5-------
C8616284	3CAAD804	00------
C8616284	3D19B24A	333-----
C8616284	3DEFCF8A	0-------
C8616284	3F01A65C	33------
C8616284	4060981E	5-------
C8616284	44A9A7AE	0-------
C8616284	4519A8CE	4-------
C8616284	45213479	5-------
C8616284	4623F1DB	222-----
C8616284	483EFA58	22------
C8616284	4899DA7D	5-------
C8616284	48C1A188	1-------
C8616284	49AB74FD	22------
C8616284	4ADF81CE	1-------
C8616284	4B9DC608	44------
C8616284	4BCC8D65	3-------
C8616284	4D90A6F5	2-------
C8616284	4F528FB3	2-------
C8616284	4F6F2726	0-------
C8616284	4F9E6DF5	4-------
C8616284	4FEE00FA	00000---
C8616284	5017D198	4-------
C8616284	528C8AD5	0-------
C8616284	528FD47E	3-------
C8616284	530C32F8	001-----
C8616284	54CD3DD1	1-------
C8616284	560AE703	2-------
C8616284	5711999A	4-------
C8616284	58B6CEE0	0-------
C8616284	597E7A06	0-------
C8616284	59DB6D63	222-----
C8616284	5D3339FB	0-------
C8616284	5E7CBC34	1-------
C8616284	5EDA8F9F	22222223
C8616284	5F08E510	0-------
C8616284	5F785691	5-------
C8616284	612D7598	001-----
C8616284	61523313	1-------
C8616284	61E8EC78	0000----
C8616284	631DDA06	33------
C8616284	637C997E	22------
C8616284	6447CBF5	0-------
C8616284	64638C05	011-----
C8616284	6778530C	0-------
C8616284	6AFB074B	22------
C8616284	6CD6426F	22------
C8616284	6DF3E229	4-------
C8616284	71F2A5CD	44------
C8616284	7255EEAC	1-------
C8616284	740CE8B0	55------
C8616284	747BBC40	00000000
C8616284	75032099	22------
C8616284	7521B03E	00------
C8616284	75EA78CF	000-----
C8616284	760FF0CE	2-------
C8616284	79BE42CC	3-------
C8616284	7B3246E6	0-------
C8616284	7B712595	000000--
C8616284	7D066E7C	0-------
C8616284	7DA73073	1-------
C8616284	7DFDD604	0-------
C8616284	7E08B0A7	00------
C8616284	7E83934C	00------
C8616284	7F8F11DC	0-------
C8616284	814E6DC7	1-------
C8616284	81F169D5	5-------
C8616284	82597C70	4-------
C8616284	83C0094C	000-----
C8616284	8417D829	00------
C8616284	860089DC	0-------
C8616284	88B53B80	55------
C8616284	88B5ADDA	22------
C8616284	8A9819DF	00------
C8616284	8CBD4892	00------
C8616284	8CC1A91A	22------
C8616284	8D5D3A96	2-------
C8616284	8EC0E8D2	22------
C8616284	8EF570DE	1-------
C8616284	900956D6	5-------
C8616284	939B9227	5-------
C8616284	946316C4	2-------
C8616284	959F7B3D	0-------
C8616284	95F884CC	4-------
C8616284	969FD36A	0-------
C8616284	972595F6	22------
C8616284	97892849	00------
C8616284	97DFC148	000-----
C8616284	97F063B1	5-------
C8616284	98BA36F3	22------
C8616284	9933E8F4	00------
C8616284	99D75290	5-------
C8616284	9A202149	00------
C8616284	9A787EC3	001-----
C8616284	9BBA9063	223-----
C8616284	9C23F75C	1-------
C8616284	9EF08A91	2222----
C8616284	A3E5A39E	0-------
C8616284	A3ECAC3D	00------
C8616284	A6B76EF5	22222---
C8616284	A85CA4BE	4-------
C8616284	A929F4F7	0-------
C8616284	A99C40F9	222-----
C8616284	A9B9139F	44------
C8616284	A9E32819	3-------
C8616284	A9E4C2EE	0-------
C8616284	AA9323AC	000000--
C8616284	ABC21599	001-----
C8616284	AC2F48EC	5-------
C8616284	AE9A9020	0000----
C8616284	AF432509	4-------
C8616284	B2248C12	0-------
C8616284	B389D646	0-------
C8616284	B43FEC62	4-------
C8616284	B52E5CA6	00------
C8616284	B6F56356	0-------
C8616284	B741D5F6	000-----
C8616284	B78DDC27	000000--
C8616284	B9ADA8A1	2-------
C8616284	BD91C700	0-------
C8616284	BD9DEF1E	001-----
C8616284	BF8C0982	3-------
C8616284	C04DFE9A	22------
C8616284	C4117841	11------
C8616284	C441DFFB	4-------
C8616284	C67C8B3F	3-------
C8616284	C6EC14FE	222-----
C8616284	C8364EF2	000-----
C8616284	C8F0052D	22------
C8616284	C8F1CC79	22------
C8616284	C926ADC9	0-------
C8616284	CAD437D9	000-----
C8616284	CB7CD7AE	5-------
C8616284	CBEACA2A	2222----
C8616284	CC65FD00	22------
C8616284	CCE63E51	2-------
C8616284	CEEB5EC7	33------
C8616284	CF058F5E	5-------
C8616284	D1956CCE	2222222-
C8616284	D3895D6B	0-------
C8616284	D50D9ECC	000000--
C8616284	D5C3C52A	0-------
C8616284	D5DF998C	0-------
C8616284	D5E6ABA3	4-------
C8616284	D71A34BD	0-------
C8616284	D7AE2661	4-------
C8616284	D7C7868C	0-------
C8616284	E211725B	00000---
C8616284	E3D3C832	0-------
C8616284	E5670E1D	4-------
C8616284	E6F67AE1	2222----
C8616284	E7AAF51D	000-----
C8616284	E7EF72E7	4-------
C8616284	E9D5CEE4	000-----
C8616284	EA3D79C1	44------
C8616284	EAB6A975	5-------
C8616284	EACAE80E	4-------
C8616284	EAF01CED	0-------
C8616284	EB2D0C97	0-------
C8616284	F0B4FEB6	4-------
C8616284	F1BE31E8	3-------
C8616284	F1E0C7EA	0-------
C8616284	F3F54BE0	00------
C8616284	F6F54013	5-------
C8616284	F70FFB9E	5-------
C8616284	F977E904	223-----
C8616284	FBE00F54	4-------
C8616284	FECEE06F	0-------
C8616284	FEF8F9BC	011-----
C8616284	FF5FCFD4	0-------
C8616284	FFB74B45	0-------
C3FFD418	004ACA10	000-----
C3FFD418	00B7A3DD	222-----
C3FFD418	014EF238	55------
C3FFD418	01771F50	222-----
C3FFD418	01A18BF7	0-------
C3FFD418	01E648AF	000-----
C3FFD418	04896D14	00------
C3FFD418	06946300	555555--
C3FFD418	0788E6D7	00------
C3FFD418	09143248	00------
C3FFD418	0AEF5A61	00------
C3FFD418	0B1C4AD7	5-------
C3FFD418	0B9360D3	4-------
C3FFD418	0BA9D51F	223-----
C3FFD418	0C953D0A	0-------
C3FFD418	0CA58DC2	22------
C3FFD418	0D47910F	22222222
C3FFD418	0E157896	222-----
C3FFD418	0E4DD851	22------
C3FFD418	0F93236E	1-------
C3FFD418	1012C4E8	0-------
C3FFD418	10D34368	2222----
C3FFD418	112D05CB	4-------
C3FFD418	138619B0	4-------
C3FFD418	14DBD53F	5-------
C3FFD418	1541282A	33------
C3FFD418	15F60DA5	4-------
C3FFD418	17523167	0-------
C3FFD418	17AD010C	00------
C3FFD418	185D2339	0-------
C3FFD418	187D5322	22------
C3FFD418	1B6314E1	4-------
C3FFD418	1B8429CB	0-------
C3FFD418	1BC3BE8E	00------
C3FFD418	1E7721CE	4-------
C3FFD418	1F48C43A	5-------
C3FFD418	213FDF93	4-------
C3FFD418	21DD10B8	0-------
C3FFD418	21E1E848	22------
C3FFD418	228A88EA	2222----
C3FFD418	2301BA67	4-------
C3FFD418	23BF0A5C	0-------
C3FFD418	25BCE1C1	2-------
C3FFD418	26A1A9BB	44------
C3FFD418	2797F75E	22222222
C3FFD418	27A70C2F	555-----
C3FFD418	28BD0326	0-------
C3FFD418	299AD261	5-------
C3FFD418	2B00F0DD	5-------
C3FFD418	2B8B4507	00------
C3FFD418	2B99994E	11------
C3FFD418	2D13448F	00------
C3FFD418	2D641792	22------
C3FFD418	2E80D75B	0-------
C3FFD418	2E9189B1	22------
C3FFD418	321C6E05	00------
C3FFD418	330D186E	22------
C3FFD418	3328F5C5	223-----
C3FFD418	35031459	22------
C3FFD418	36E6993D	00------
C3FFD418	37639659	33------
C3FFD418	37D4ADB7	001-----
C3FFD418	39123F9E	00------
C3FFD418	3C61C58C	5-------
C3FFD418	3CAAD804	00------
C3FFD418	3D19B24A	333-----
C3FFD418	3F01A65C	33------
C3FFD418	4060981E	5-------
C3FFD418	44A9A7AE	0-------
C3FFD418	4519A8CE	4-------
C3FFD418	45213479	5-------
C3FFD418	4623F1DB	2222----
C3FFD418	483EFA58	22------
C3FFD418	4899DA7D	5-------
C3FFD418	48C1A188	1-------
C3FFD418	4900F292	000-----
C3FFD418	49AB74FD	22------
C3FFD418	4ADF81CE	1-------
C3FFD418	4B9DC608	44------
C3FFD418	4BCC8D65	3-------
C3FFD418	4D90A6F5	222-----
C3FFD418	4F6F2726	0-------
C3FFD418	4F9E6DF5	4-------
C3FFD418	4FEE00FA	00000---
C3FFD418	5017D198	4-------
C3FFD418	528C8AD5	0-------
C3FFD418	528FD47E	3-------
C3FFD418	530C32F8	001-----
C3FFD418	54CD3DD1	1-------
C3FFD418	560AE703	2-------
C3FFD418	5711999A	4-------
C3FFD418	58B6CEE0	0-------
C3FFD418	597E7A06	0-------
C3FFD418	59DB6D63	222-----
C3FFD418	5D3339FB	0-------
C3FFD418	5E7CBC34	1-------
C3FFD418	5EDA8F9F	22222223
C3FFD418	5F08E510	0-------
C3FFD418	5F785691	5-------
C3FFD418	612D7598	001-----
C3FFD418	61523313	1-------
C3FFD418	61E8EC78	0000----
C3FFD418	631DDA06	33------
C3FFD418	637C997E	22------
C3FFD418	6447CBF5	0-------
C3FFD418	64638C05	011-----
C3FFD418	6778530C	0-------
C3FFD418	6AFB074B	22------
C3FFD418	6CD6426F	22------
C3FFD418	6DF3E229	4-------
C3FFD418	71F2A5CD	44------
C3FFD418	7255EEAC	1-------
C3FFD418	73B8CAC9	0-------
C3FFD418	740CE8B0	55------
C3FFD418	747BBC40	00000000
C3FFD418	75032099	22------
C3FFD418	7521B03E	00------
C3FFD418	77BEBF9C	0-------
C3FFD418	79BE42CC	3-------
C3FFD418	7B712595	000000--
C3FFD418	7D066E7C	0-------
C3FFD418	7DA73073	1-------
C3FFD418	7E08B0A7	00------
C3FFD418	7E83934C	00------
C3FFD418	7F8F11DC	0-------
C3FFD418	814E6DC7	1-------
C3FFD418	81F169D5	5-------
C3FFD418	82597C70	4-------
C3FFD418	8417D829	00------
C3FFD418	860089DC	00------
C3FFD418	88B53B80	55------
C3FFD418	88B5ADDA	22------
C3FFD418	8A9819DF	00------
C3FFD418	8AF6598D	000-----
C3FFD418	8CBD4892	00------
C3FFD418	8CC1A91A	22------
C3FFD418	8D5D3A96	2-------
C3FFD418	8D6C5FF0	000-----
C3FFD418	8E58F94E	000-----
C3FFD418	8EF570DE	1-------
C3FFD418	8F2ED1F8	0-------
C3FFD418	900956D6	5-------
C3FFD418	939B9227	5-------
C3FFD418	946316C4	2-------
C3FFD418	959F7B3D	0-------
C3FFD418	95D75112	000-----
C3FFD418	95F884CC	4-------
C3FFD418	969FD36A	0-------
C3FFD418	972595F6	22------
C3FFD418	97892849	00------
C3FFD418	97F063B1	5-------
C3FFD418	98BA36F3	22------
C3FFD418	9933E8F4	00------
C3FFD418	99D75290	5-------
C3FFD418	9A202149	00------
C3FFD418	9A787EC3	001-----
C3FFD418	9BBA9063	223-----
C3FFD418	9C23F75C	1-------
C3FFD418	9E27DA11	2-------
C3FFD418	9EF08A91	2222----
C3FFD418	A3E5A39E	0-------
C3FFD418	A3ECAC3D	00------
C3FFD418	A6B76EF5	22222---
C3FFD418	A85CA4BE	4-------
C3FFD418	A929F4F7	0-------
C3FFD418	A9B9139F	44------
C3FFD418	A9E32819	3-------
C3FFD418	A9E4C2EE	0-------
C3FFD418	AA9323AC	00000---
C3FFD418	ABC21599	001-----
C3FFD418	AC2F48EC	5-------
C3FFD418	AE9A9020	000-----
C3FFD418	AF432509	4-------
C3FFD418	B389D646	0-------
C3FFD418	B43FEC62	4-------
C3FFD418	B52E5CA6	00------
C3FFD418	B6F56356	0-------
C3FFD418	B78DDC27	000000--
C3FFD418	B9ADA8A1	2-------
C3FFD418	BD9DEF1E	001-----
C3FFD418	BF8C0982	3-------
C3FFD418	C04DFE9A	22------
C3FFD418	C07F50E1	000-----
C3FFD418	C4117841	11------
C3FFD418	C441DFFB	4-------
C3FFD418	C594DF69	0-------
C3FFD418	C67C8B3F	3-------
C3FFD418	C8F0052D	22------
C3FFD418	C8F1CC79	22------
C3FFD418	CB7CD7AE	5-------
C3FFD418	CBEACA2A	2222----
C3FFD418	CC65FD00	22------
C3FFD418	CCE63E51	2-------
C3FFD418	CEEB5EC7	33------
C3FFD418	CF058F5E	5-------
C3FFD418	D1956CCE	2222222-
C3FFD418	D3895D6B	0-------
C3FFD418	D50D9ECC	000000--
C3FFD418	D5C3C52A	0-------
C3FFD418	D5DF998C	0-------
C3FFD418	D5E6ABA3	4-------
C3FFD418	D71A34BD	0-------
C3FFD418	D795E9F7	0-------
C3FFD418	D7AE2661	4-------
C3FFD418	D7C7868C	0-------
C3FFD418	E211725B	00000---
C3FFD418	E5670E1D	4-------
C3FFD418	E6F67AE1	2222----
C3FFD418	E7AAF51D	000-----
C3FFD418	E7EF72E7	4-------
C3FFD418	EA3D79C1	44------
C3FFD418	EAB6A975	5-------
C3FFD418	EACAE80E	4-------
C3FFD418	EAF01CED	0-------
C3FFD418	EB2D0C97	0-------
C3FFD418	F0B4FEB6	4-------
C3FFD418	F1BE31E8	3-------
C3FFD418	F1E0C7EA	0-------
C3FFD418	F3F54BE0	00------
C3FFD418	F560A363	0-------
C3FFD418	F6F54013	5-------
C3FFD418	F70FFB9E	5-------
C3FFD418	F977E904	223-----
C3FFD418	FB32D8E5	0-------
C3FFD418	FBE00F54	4-------
C3FFD418	FECEE06F	0-------
C3FFD418	FEF8F9BC	011-----
C3FFD418	FF5FCFD4	0-------
C3FFD418	FFB74B45	0-------
22E437E5	00B7A3DD	2222----
22E437E5	014EF238	55------
22E437E5	01A18BF7	0-------
22E437E5	04896D14	00------
22E437E5	06946300	555555--
22E437E5	0788E6D7	00------
22E437E5	09143248	00------
22E437E5	0AEF5A61	00------
22E437E5	0B1C4AD7	5-------
22E437E5	0B9360D3	4-------
22E437E5	0BA9D51F	223-----
22E437E5	0C953D0A	0-------
22E437E5	0CA58DC2	22------
22E437E5	0D47910F	22222222
22E437E5	0E4DD851	22------
22E437E5	0F93236E	1-------
22E437E5	1012C4E8	0-------
22E437E5	10D34368	2222----
22E437E5	112D05CB	4-------
22E437E5	138619B0	4-------
22E437E5	14DBD53F	5-------
22E437E5	1541282A	33------
22E437E5	155E9609	000-----
22E437E5	15F60DA5	4-------
22E437E5	17523167	0-------
22E437E5	185D2339	0-------
22E437E5	187D5322	22------
22E437E5	192F783F	000-----
22E437E5	1B6314E1	4-------
22E437E5	1B8429CB	0-------
22E437E5	1BC3BE8E	00------
22E437E5	1E7721CE	4-------
22E437E5	1F48C43A	5-------
22E437E5	213FDF93	4-------
22E437E5	2186F9BA	000-----
22E437E5	21DD10B8	0-------
22E437E5	21E1E848	22------
22E437E5	228A88EA	2222----
22E437E5	2301BA67	4-------
22E437E5	23BF0A5C	0-------
22E437E5	26A1A9BB	44------
22E437E5	2797F75E	22222222
22E437E5	27A70C2F	555-----
22E437E5	28BD0326	0-------
22E437E5	299AD261	5-------
22E437E5	2B00F0DD	5-------
22E437E5	2B8B4507	00------
22E437E5	2B99994E	11------
22E437E5	2D641792	22------
22E437E5	2E80D75B	0-------
22E437E5	2E9189B1	22------
22E437E5	315CAFF8	0-------
22E437E5	321C6E05	00------
22E437E5	330D186E	22------
22E437E5	3328F5C5	223-----
22E437E5	35031459	22------
22E437E5	36E6993D	00------
22E437E5	37639659	33------
22E437E5	37D4ADB7	001-----
22E437E5	39123F9E	00------
22E437E5	3C61C58C	5-------
22E437E5	3CAAD804	00------
22E437E5	3CF5816A	0-------
22E437E5	3D19B24A	333-----
22E437E5	3F01A65C	33------
22E437E5	4060981E	5-------
22E437E5	42E48109	222-----
22E437E5	443750D2	2-------
22E437E5	44A9A7AE	0-------
22E437E5	4519A8CE	4-------
22E437E5	45213479	5-------
22E437E5	4623F1DB	222-----
22E437E5	483EFA58	22------
22E437E5	4899DA7D	5-------
22E437E5	48C1A188	1-------
22E437E5	49AB74FD	22------
22E437E5	4ADF81CE	1-------
22E437E5	4B9DC608	44------
22E437E5	4BCC8D65	3-------
22E437E5	4D90A6F5	222-----
22E437E5	4F6F2726	0-------
22E437E5	4F9E6DF5	4-------
22E437E5	4FEE00FA	00000---
22E437E5	5017D198	4-------
22E437E5	528C8AD5	0-------
22E437E5	528FD47E	3-------
22E437E5	530C32F8	001-----
22E437E5	53D9E00F	000-----
22E437E5	54CD3DD1	1-------
22E437E5	560AE703	2-------
22E437E5	5711999A	4-------
22E437E5	58B6CEE0	0-------
22E437E5	597E7A06	0-------
22E437E5	59DB6D63	222-----
22E437E5	5B83B390	000-----
22E437E5	5D3339FB	0-------
22E437E5	5E7CBC34	1-------
22E437E5	5EDA8F9F	22222223
22E437E5	5F08E510	0-------
22E437E5	5F785691	5-------
22E437E5	612D7598	001-----
22E437E5	61523313	1-------
22E437E5	61E8EC78	0000----
22E437E5	631DDA06	33------
22E437E5	637C997E	22------
22E437E5	6447CBF5	0-------
22E437E5	64638C05	011-----
22E437E5	66850275	2-------
22E437E5	6778530C	0-------
22E437E5	69179612	0-------
22E437E5	6AFB074B	22------
22E437E5	6CD6426F	22------
22E437E5	6DF3E229	4-------
22E437E5	71F2A5CD	44------
22E437E5	7255EEAC	1-------
22E437E5	740CE8B0	55------
22E437E5	747BBC40	00000000
22E437E5	75032099	22------
22E437E5	7521B03E	00------
22E437E5	78AD66DA	0-------
22E437E5	79BE42CC	3-------
22E437E5	7A8FBCA5	0-------
22E437E5	7B712595	000000--
22E437E5	7CEA7514	222-----
22E437E5	7D066E7C	0-------
22E437E5	7D86C506	2-------
22E437E5	7DA73073	1-------
22E437E5	7E08B0A7	00------
22E437E5	7E83934C	00------
22E437E5	7F8F11DC	0-------
22E437E5	814E6DC7	1-------
22E437E5	81F169D5	5-------
22E437E5	82597C70	4-------
22E437E5	8417D829	00------
22E437E5	860089DC	0-------
22E437E5	88B53B80	55------
22E437E5	88B5ADDA	22------
22E437E5	8A9819DF	00------
22E437E5	8CBD4892	00------
22E437E5	8CC1A91A	22------
22E437E5	8D5D3A96	2-------
22E437E5	8EF570DE	1-------
22E437E5	900956D6	5-------
22E437E5	906DE7EF	222-----
22E437E5	939B9227	5-------
22E437E5	946316C4	2-------
22E437E5	959F7B3D	0-------
22E437E5	95F884CC	4-------
22E437E5	969FD36A	0-------
22E437E5	972595F6	22------
22E437E5	97892849	00------
22E437E5	97F063B1	5-------
22E437E5	98BA36F3	22------
22E437E5	9933E8F4	00------
22E437E5	99D75290	5-------
22E437E5	9A202149	00------
22E437E5	9A787EC3	001-----
22E437E5	9BBA9063	223-----
22E437E5	9C23F75C	1-------
22E437E5	9EF08A91	2222----
22E437E5	A3E5A39E	0-------
22E437E5	A3ECAC3D	00------
22E437E5	A6B76EF5	22222---
22E437E5	A85CA4BE	4-------
22E437E5	A929F4F7	0-------
22E437E5	A9B9139F	44------
22E437E5	A9E32819	3-------
22E437E5	A9E4C2EE	0-------
22E437E5	AA9323AC	000000--
22E437E5	ABC21599	001-----
22E437E5	AC2F48EC	5-------
22E437E5	AE9A9020	0000----
22E437E5	AF432509	4-------
22E437E5	B389D646	0-------
22E437E5	B43FEC62	4-------
22E437E5	B52E5CA6	00------
22E437E5	B6F56356	0-------
22E437E5	B78DDC27	000000--
22E437E5	B9ADA8A1	2-------
22E437E5	BD9DEF1E	001-----
22E437E5	BEEA5D1F	000-----
22E437E5	BF8C0982	3-------
22E437E5	C04DFE9A	22------
22E437E5	C4117841	11------
22E437E5	C441DFFB	4-------
22E437E5	C67C8B3F	3-------
22E437E5	C8F0052D	22------
22E437E5	C8F1CC79	22------
22E437E5	CB7CD7AE	5-------
22E437E5	CBEACA2A	2222----
22E437E5	CC65FD00	22------
22E437E5	CCE63E51	2-------
22E437E5	CEEB5EC7	33------
22E437E5	CF058F5E	5-------
22E437E5	D1956CCE	2222222-
22E437E5	D3895D6B	0-------
22E437E5	D50D9ECC	000000--
22E437E5	D5C3C52A	0-------
22E437E5	D5DF998C	0-------
22E437E5	D5E6ABA3	4-------
22E437E5	D71A34BD	0-------
22E437E5	D7AE2661	4-------
22E437E5	D7C7868C	0-------
22E437E5	E211725B	00000---
22E437E5	E5670E1D	4-------
22E437E5	E6F67AE1	2222----
22E437E5	E7AAF51D	000-----
22E437E5	E7EF72E7	4-------
22E437E5	E91F2E83	2-------
22E437E5	EA3D79C1	44------
22E437E5	EAB6A975	5-------
22E437E5	EACAE80E	4-------
22E437E5	EAF01CED	0-------
22E437E5	EB2D0C97	0-------
22E437E5	ECDE8626	000-----
22E437E5	F0B4FEB6	4-------
22E437E5	F1BE31E8	3-------
22E437E5	F1E0C7EA	0-------
22E437E5	F266B48E	0-------
22E437E5	F3F54BE0	00------
22E437E5	F6F54013	5-------
22E437E5	F70FFB9E	5-------
22E437E5	F8BD198A	0-------
22E437E5	F977E904	223-----
22E437E5	FBE00F54	4-------
22E437E5	FECEE06F	0-------
22E437E5	FEF8F9BC	011-----
22E437E5	FF5FCFD4	0-------
22E437E5	FFB74B45	0-------
2EBE91D5	00B7A3DD	22------
2EBE91D5	014EF238	55------
2EBE91D5	01A18BF7	0-------
2EBE91D5	04896D14	00------
2EBE91D5	06946300	555555--
2EBE91D5	06C26B51	222-----
2EBE91D5	0788E6D7	00------
2EBE91D5	09143248	00------
2EBE91D5	0AEF5A61	00------
2EBE91D5	0B1C4AD7	5-------
2EBE91D5	0B9360D3	4-------
2EBE91D5	0BA9D51F	223-----
2EBE91D5	0C953D0A	0-------
2EBE91D5	0CA58DC2	22------
2EBE91D5	0D47910F	22222222
2EBE91D5	0E4DD851	22------
2EBE91D5	0F93236E	1-------
2EBE91D5	1012C4E8	0-------
2EBE91D5	10D34368	2222----
2EBE91D5	112D05CB	4-------
2EBE91D5	138619B0	4-------
2EBE91D5	14DBD53F	5-------
2EBE91D5	1541282A	33------
2EBE91D5	15F60DA5	4-------
2EBE91D5	1634CDDE	222-----
2EBE91D5	17523167	0-------
2EBE91D5	185D2339	0-------
2EBE91D5	187D5322	22------
2EBE91D5	1B6314E1	4-------
2EBE91D5	1B8429CB	0-------
2EBE91D5	1BC3BE8E	00------
2EBE91D5	1E7721CE	4-------
2EBE91D5	1F48C43A	5-------
2EBE91D5	213FDF93	4-------
2EBE91D5	21DD10B8	0-------
2EBE91D5	21E1E848	22------
2EBE91D5	228A88EA	2222----
2EBE91D5	2301BA67	4-------
2EBE91D5	23BF0A5C	0-------
2EBE91D5	26A1A9BB	44------
2EBE91D5	2797F75E	22222222
2EBE91D5	27A70C2F	555-----
2EBE91D5	28BD0326	0-------
2EBE91D5	299AD261	5-------
2EBE91D5	2B00F0DD	5-------
2EBE91D5	2B8B4507	00------
2EBE91D5	2B99994E	11------
2EBE91D5	2D641792	22------
2EBE91D5	2E80D75B	0-------
2EBE91D5	2E9189B1	22------
2EBE91D5	315CAFF8	000-----
2EBE91D5	321C6E05	00------
2EBE91D5	330D186E	22------
2EBE91D5	3328F5C5	223-----
2EBE91D5	35031459	22------
2EBE91D5	36E6993D	00------
2EBE91D5	37639659	33------
2EBE91D5	37D4ADB7	001-----
2EBE91D5	39123F9E	00------
2EBE91D5	3C61C58C	5-------
2EBE91D5	3CAAD804	00------
2EBE91D5	3D19B24A	333-----
2EBE91D5	3F01A65C	33------
2EBE91D5	4060981E	5-------
2EBE91D5	44A9A7AE	0-------
2EBE91D5	4519A8CE	4-------
2EBE91D5	45213479	5-------
2EBE91D5	4623F1DB	2222----
2EBE91D5	483EFA58	22------
2EBE91D5	4899DA7D	5-------
2EBE91D5	48C1A188	1-------
2EBE91D5	49AB74FD	22------
2EBE91D5	4ADF81CE	1-------
2EBE91D5	4B9DC608	44------
2EBE91D5	4BCC8D65	3-------
2EBE91D5	4D90A6F5	2-------
2EBE91D5	4F6F2726	0-------
2EBE91D5	4F9E6DF5	4-------
2EBE91D5	4FEE00FA	00000---
2EBE91D5	5017D198	4-------
2EBE91D5	528C8AD5	0-------
2EBE91D5	528FD47E	3-------
2EBE91D5	530C32F8	001-----
2EBE91D5	54CD3DD1	1-------
2EBE91D5	560AE703	2-------
2EBE91D5	56CC6DC2	22------
2EBE91D5	5711999A	4-------
2EBE91D5	5723DEE3	000-----
2EBE91D5	58B6CEE0	0-------
2EBE91D5	597E7A06	0-------
2EBE91D5	59DB6D63	222-----
2EBE91D5	5CB1A201	2-------
2EBE91D5	5D3339FB	0-------
2EBE91D5	5E7CBC34	1-------
2EBE91D5	5EDA8F9F	22222223
2EBE91D5	5F08E510	0-------
2EBE91D5	5F785691	5-------
2EBE91D5	612D7598	001-----
2EBE91D5	61523313	1-------
2EBE91D5	61E8EC78	0000----
2EBE91D5	631DDA06	33------
2EBE91D5	637C997E	22------
2EBE91D5	6447CBF5	0-------
2EBE91D5	64638C05	011-----
2EBE91D5	6778530C	0-------
2EBE91D5	69179612	0-------
2EBE91D5	6AFB074B	22------
2EBE91D5	6CD6426F	22------
2EBE91D5	6DF3E229	4-------
2EBE91D5	71F2A5CD	44------
2EBE91D5	7255EEAC	1-------
2EBE91D5	740CE8B0	55------
2EBE91D5	747BBC40	0000000-
2EBE91D5	75032099	22------
2EBE91D5	7521B03E	00------
2EBE91D5	79BE42CC	3-------
2EBE91D5	7B712595	000000--
2EBE91D5	7B76FB45	2-------
2EBE91D5	7D066E7C	0-------
2EBE91D5	7DA73073	1-------
2EBE91D5	7E08B0A7	00------
2EBE91D5	7E83934C	00------
2EBE91D5	7F8F11DC	0-------
2EBE91D5	814E6DC7	1-------
2EBE91D5	81F169D5	5-------
2EBE91D5	82597C70	4-------
2EBE91D5	83CC7569	000-----
2EBE91D5	8417D829	00------
2EBE91D5	860089DC	0-------
2EBE91D5	880324C0	0-------
2EBE91D5	88B53B80	55------
2EBE91D5	88B5ADDA	22------
2EBE91D5	8A9819DF	00------
2EBE91D5	8CBD4892	00------
2EBE91D5	8CC1A91A	22------
2EBE91D5	8D5D3A96	2-------
2EBE91D5	8EC0E8D2	2-------
2EBE91D5	8EF570DE	1-------
2EBE91D5	8F71FCC9	222-----
2EBE91D5	900956D6	5-------
2EBE91D5	90DB80C2	0-------
2EBE91D5	939B9227	5-------
2EBE91D5	946316C4	2-------
2EBE91D5	959F7B3D	0-------
2EBE91D5	95F884CC	4-------
2EBE91D5	969FD36A	0-------
2EBE91D5	96CBA09E	000-----
2EBE91D5	972595F6	22------
2EBE91D5	97892849	00------
2EBE91D5	97F063B1	5-------
2EBE91D5	98BA36F3	22------
2EBE91D5	9933E8F4	00------
2EBE91D5	99D75290	5-------
2EBE91D5	9A202149	00------
2EBE91D5	9A787EC3	001-----
2EBE91D5	9BBA9063	223-----
2EBE91D5	9C23F75C	1-------
2EBE91D5	9EF08A91	2222----
2EBE91D5	A3E5A39E	0-------
2EBE91D5	A3ECAC3D	00------
2EBE91D5	A63DE1F4	222-----
2EBE91D5	A6B76EF5	22222---
2EBE91D5	A85CA4BE	4-------
2EBE91D5	A929F4F7	0-------
2EBE91D5	A9B9139F	44------
2EBE91D5	A9E32819	3-------
2EBE91D5	A9E4C2EE	0-------
2EBE91D5	AA9323AC	000000--
2EBE91D5	ABC21599	001-----
2EBE91D5	AC2F48EC	5-------
2EBE91D5	AE9A9020	00000---
2EBE91D5	AF432509	4-------
2EBE91D5	B389D646	0-------
2EBE91D5	B43FEC62	4-------
2EBE91D5	B52E5CA6	00------
2EBE91D5	B6F56356	0-------
2EBE91D5	B78DDC27	00000---
2EBE91D5	B9ADA8A1	2-------
2EBE91D5	BA8F9A01	0-------
2EBE91D5	BD9DEF1E	001-----
2EBE91D5	BF8C0982	3-------
2EBE91D5	C04DFE9A	22------
2EBE91D5	C4117841	11------
2EBE91D5	C441DFFB	4-------
2EBE91D5	C67C8B3F	3-------
2EBE91D5	C8F0052D	22------
2EBE91D5	C8F1CC79	22------
2EBE91D5	CB7CD7AE	5-------
2EBE91D5	CBEACA2A	2222----
2EBE91D5	CC65FD00	22------
2EBE91D5	CCE63E51	2-------
2EBE91D5	CEEB5EC7	33------
2EBE91D5	CF058F5E	5-------
2EBE91D5	D1956CCE	2222222-
2EBE91D5	D50D9ECC	000000--
2EBE91D5	D5C3C52A	0-------
2EBE91D5	D5DF998C	0-------
2EBE91D5	D5E6ABA3	4-------
2EBE91D5	D71A34BD	0-------
2EBE91D5	D7AE2661	4-------
2EBE91D5	D7C7868C	0-------
2EBE91D5	DA8DC71E	000-----
2EBE91D5	DDD5B149	2-------
2EBE91D5	E211725B	00000---
2EBE91D5	E5670E1D	4-------
2EBE91D5	E6614A2F	000-----
2EBE91D5	E6A90352	0-------
2EBE91D5	E6F67AE1	2222----
2EBE91D5	E7AAF51D	000-----
2EBE91D5	E7EF72E7	4-------
2EBE91D5	E9C92D59	0-------
2EBE91D5	EA3D79C1	44------
2EBE91D5	EAB6A975	5-------
2EBE91D5	EACAE80E	4-------
2EBE91D5	EAF01CED	0-------
2EBE91D5	EB2D0C97	0-------
2EBE91D5	F03172EB	0-------
2EBE91D5	F0B4FEB6	4-------
2EBE91D5	F1BE31E8	3-------
2EBE91D5	F1E0C7EA	0-------
2EBE91D5	F3F54BE0	00------
2EBE91D5	F4A70F0C	000-----
2EBE91D5	F6F54013	5-------
2EBE91D5	F70FFB9E	5-------
2EBE91D5	F977E904	223-----
2EBE91D5	FBE00F54	4-------
2EBE91D5	FECEE06F	0-------
2EBE91D5	FEF8F9BC	011-----
2EBE91D5	FF5FCFD4	0-------
2EBE91D5	FFB74B45	0-------
BDEF7181	00873CD7	0-------
BDEF7181	00B7A3DD	2-------
BDEF7181	014EF238	55------
BDEF7181	01A18BF7	0-------
BDEF7181	04896D14	00------
BDEF7181	06946300	555555--
BDEF7181	0788E6D7	00------
BDEF7181	09143248	00------
BDEF7181	0AEF5A61	00------
BDEF7181	0B1C4AD7	5-------
BDEF7181	0B6443C3	0-------
BDEF7181	0B9360D3	4-------
BDEF7181	0BA9D51F	223-----
BDEF7181	0C953D0A	0-------
BDEF7181	0CA58DC2	22------
BDEF7181	0D47910F	22222222
BDEF7181	0E4DD851	22------
BDEF7181	0F93236E	1-------
BDEF7181	1012C4E8	0-------
BDEF7181	10D34368	2222----
BDEF7181	112D05CB	4-------
BDEF7181	12976C06	0-------
BDEF7181	138619B0	4-------
BDEF7181	14DBD53F	5-------
BDEF7181	1541282A	33------
BDEF7181	15F60DA5	4-------
BDEF7181	1669DEBA	000-----
BDEF7181	17523167	0-------
BDEF7181	185D2339	0-------
BDEF7181	187D5322	22------
BDEF7181	1B6314E1	4-------
BDEF7181	1B8429CB	0-------
BDEF7181	1BC3BE8E	00------
BDEF7181	1E7721CE	4-------
BDEF7181	1F48C43A	5-------
BDEF7181	1F642147	000-----
BDEF7181	1F7784BC	0-------
BDEF7181	213FDF93	4-------
BDEF7181	21DD10B8	0-------
BDEF7181	21E1E848	22------
BDEF7181	228A88EA	2222----
BDEF7181	2301BA67	4-------
BDEF7181	23BF0A5C	0-------
BDEF7181	26A1A9BB	44------
BDEF7181	2797F75E	22222222
BDEF7181	27A70C2F	555-----
BDEF7181	28BD0326	0-------
BDEF7181	299AD261	5-------
BDEF7181	2B00F0DD	5-------
BDEF7181	2B8B4507	00------
BDEF7181	2B99994E	11------
BDEF7181	2D641792	22------
BDEF7181	2E80D75B	0-------
BDEF7181	2E9189B1	22------
BDEF7181	31089590	000-----
BDEF7181	315CAFF8	000-----
BDEF7181	321C6E05	00------
BDEF7181	330D186E	22------
BDEF7181	3328F5C5	223-----
BDEF7181	35031459	22------
BDEF7181	36E6993D	00------
BDEF7181	37639659	33------
BDEF7181	37D4ADB7	001-----
BDEF7181	38AE95E5	000-----
BDEF7181	39123F9E	00------
BDEF7181	3A4245F0	000-----
BDEF7181	3C61C58C	5-------
BDEF7181	3CAAD804	00------
BDEF7181	3D19B24A	333-----
BDEF7181	3F01A65C	33------
BDEF7181	4060981E	5-------
BDEF7181	44A9A7AE	0-------
BDEF7181	44C13865	0-------
BDEF7181	4519A8CE	4-------
BDEF7181	45213479	5-------
BDEF7181	4623F1DB	222-----
BDEF7181	483EFA58	22------
BDEF7181	4899DA7D	5-------
BDEF7181	48C1A188	1-------
BDEF7181	49AB74FD	22------
BDEF7181	4ADF81CE	1-------
BDEF7181	4B9DC608	44------
BDEF7181	4BCC8D65	3-------
BDEF7181	4D90A6F5	222-----
BDEF7181	4F6F2726	0-------
BDEF7181	4F9E6DF5	4-------
BDEF7181	4FEE00FA	00000---
BDEF7181	5017D198	4-------
BDEF7181	528C8AD5	0-------
BDEF7181	528FD47E	3-------
BDEF7181	530C32F8	001-----
BDEF7181	54CD3DD1	1-------
BDEF7181	560AE703	2-------
BDEF7181	56C1BB90	0-------
BDEF7181	56CC6DC2	222-----
BDEF7181	5711999A	4-------
BDEF7181	58B6CEE0	0-------
BDEF7181	597E7A06	0-------
BDEF7181	59DB6D63	222-----
BDEF7181	5D3339FB	0-------
BDEF7181	5D799A4A	2-------
BDEF7181	5E7CBC34	1-------
BDEF7181	5EDA8F9F	22222223
BDEF7181	5F08E510	0-------
BDEF7181	5F785691	5-------
BDEF7181	612D7598	001-----
BDEF7181	61523313	1-------
BDEF7181	61E8EC78	0000----
BDEF7181	631DDA06	33------
BDEF7181	637C997E	22------
BDEF7181	6447CBF5	0-------
BDEF7181	64638C05	011-----
BDEF7181	6742CB90	000-----
BDEF7181	6778530C	0-------
BDEF7181	69179612	0-------
BDEF7181	6AFB074B	22------
BDEF7181	6CD6426F	22------
BDEF7181	6DF3E229	4-------
BDEF7181	71F2A5CD	44------
BDEF7181	7255EEAC	1-------
BDEF7181	740CE8B0	55------
BDEF7181	747BBC40	00000000
BDEF7181	75032099	22------
BDEF7181	7521B03E	00------
BDEF7181	79BE42CC	3-------
BDEF7181	7B712595	000000--
BDEF7181	7C017DC1	000-----
BDEF7181	7D066E7C	0-------
BDEF7181	7D221A60	0-------
BDEF7181	7DA73073	1-------
BDEF7181	7E08B0A7	00------
BDEF7181	7E83934C	00------
BDEF7181	7F8F11DC	0-------
BDEF7181	814E6DC7	1-------
BDEF7181	81F169D5	5-------
BDEF7181	82597C70	4-------
BDEF7181	832FAE58	00------
BDEF7181	8417D829	00------
BDEF7181	860089DC	0-------
BDEF7181	878FAA3D	222-----
BDEF7181	88B53B80	55------
BDEF7181	88B5ADDA	22------
BDEF7181	8A9819DF	00------
BDEF7181	8CBD4892	00------
BDEF7181	8CC1A91A	22------
BDEF7181	8D5D3A96	2-------
BDEF7181	8EF570DE	1-------
BDEF7181	900956D6	5-------
BDEF7181	939B9227	5-------
BDEF7181	946316C4	2-------
BDEF7181	959F7B3D	0-------
BDEF7181	95F884CC	4-------
BDEF7181	969FD36A	0-------
BDEF7181	972595F6	22------
BDEF7181	97892849	00------
BDEF7181	97F063B1	5-------
BDEF7181	98BA36F3	22------
BDEF7181	9933E8F4	00------
BDEF7181	99D75290	5-------
BDEF7181	9A202149	00------
BDEF7181	9A787EC3	001-----
BDEF7181	9BBA9063	223-----
BDEF7181	9C23F75C	1-------
BDEF7181	9EF08A91	2222----
BDEF7181	A3E5A39E	0-------
BDEF7181	A3ECAC3D	00------
BDEF7181	A6B76EF5	22222---
BDEF7181	A85CA4BE	4-------
BDEF7181	A929F4F7	0-------
BDEF7181	A9B9139F	44------
BDEF7181	A9E32819	3-------
BDEF7181	A9E4C2EE	0-------
BDEF7181	AA9323AC	0000----
BDEF7181	ABC21599	001-----
BDEF7181	AC2F48EC	5-------
BDEF7181	AE9A9020	0000----
BDEF7181	AF432509	4-------
BDEF7181	B389D646	0-------
BDEF7181	B43FEC62	4-------
BDEF7181	B52E5CA6	00------
BDEF7181	B6F56356	0-------
BDEF7181	B78DDC27	000000--
BDEF7181	B9ADA8A1	2-------
BDEF7181	BD9DEF1E	001-----
BDEF7181	BF8C0982	3-------
BDEF7181	C04DFE9A	22------
BDEF7181	C4117841	11------
BDEF7181	C441DFFB	4-------
BDEF7181	C67C8B3F	3-------
BDEF7181	C8F0052D	22------
BDEF7181	C8F1CC79	22------
BDEF7181	CB7CD7AE	5-------
BDEF7181	CBEACA2A	2222----
BDEF7181	CC65FD00	22------
BDEF7181	CCE63E51	2-------
BDEF7181	CEEB5EC7	33------
BDEF7181	CF058F5E	5-------
BDEF7181	D1956CCE	2222222-
BDEF7181	D50D9ECC	000000--
BDEF7181	D5C3C52A	0-------
BDEF7181	D5DF998C	0-------
BDEF7181	D5E6ABA3	4-------
BDEF7181	D71A34BD	0-------
BDEF7181	D7AE2661	4-------
BDEF7181	D7C7868C	0-------
BDEF7181	DCB1283A	000-----
BDEF7181	E211725B	00000---
BDEF7181	E5670E1D	4-------
BDEF7181	E6F67AE1	2222----
BDEF7181	E7AAF51D	000-----
BDEF7181	E7EF72E7	4-------
BDEF7181	EA3D79C1	44------
BDEF7181	EAB6A975	5-------
BDEF7181	EACAE80E	4-------
BDEF7181	EAF01CED	0-------
BDEF7181	EB2D0C97	0-------
BDEF7181	EC07361E	000-----
BDEF7181	F0B4FEB6	4-------
BDEF7181	F1BE31E8	3-------
BDEF7181	F1E0C7EA	0-------
BDEF7181	F3F54BE0	00------
BDEF7181	F6F54013	5-------
BDEF7181	F70FFB9E	5-------
BDEF7181	F977E904	223-----
BDEF7181	FBE00F54	4-------
BDEF7181	FD494EB2	0-------
BDEF7181	FE0A54C6	0-------
BDEF7181	FECEE06F	0-------
BDEF7181	FEF8F9BC	011-----
BDEF7181	FF5FCFD4	0-------
BDEF7181	FFB74B45	0-------
627BCB0D	00B7A3DD	22------
627BCB0D	014EF238	55------
627BCB0D	01A18BF7	0-------
627BCB0D	04896D14	00------
627BCB0D	06946300	555555--
627BCB0D	0788E6D7	00------
627BCB0D	09143248	00------
627BCB0D	0AEF5A61	00------
627BCB0D	0B1C4AD7	5-------
627BCB0D	0B9360D3	4-------
627BCB0D	0BA9D51F	223-----
627BCB0D	0C953D0A	0-------
627BCB0D	0CA58DC2	22------
627BCB0D	0D47910F	22222222
627BCB0D	0E2E145D	2-------
627BCB0D	0E4DD851	22------
627BCB0D	0F93236E	1-------
627BCB0D	1012C4E8	0-------
627BCB0D	10D34368	2222----
627BCB0D	112D05CB	4-------
627BCB0D	138619B0	4-------
627BCB0D	14DBD53F	5-------
627BCB0D	1541282A	33------
627BCB0D	15F60DA5	4-------
627BCB0D	17523167	0-------
627BCB0D	185D2339	0-------
627BCB0D	187D5322	22------
627BCB0D	1B6314E1	4-------
627BCB0D	1B8429CB	0-------
627BCB0D	1BC3BE8E	00------
627BCB0D	1E7721CE	4-------
627BCB0D	1F48C43A	5-------
627BCB0D	213FDF93	4-------
627BCB0D	21DD10B8	0-------
627BCB0D	21E1E848	22------
627BCB0D	228A88EA	2222----
627BCB0D	2301BA67	4-------
627BCB0D	23765F90	0-------
627BCB0D	23BF0A5C	0-------
627BCB0D	26A1A9BB	44------
627BCB0D	2797F75E	22222222
627BCB0D	27A70C2F	555-----
627BCB0D	28BD0326	0-------
627BCB0D	299AD261	5-------
627BCB0D	2A04AD80	222-----
627BCB0D	2B00F0DD	5-------
627BCB0D	2B8B4507	00------
627BCB0D	2B99994E	11------
627BCB0D	2D641792	22------
627BCB0D	2E80D75B	0-------
627BCB0D	2E9189B1	22------
627BCB0D	2F65A1F7	000-----
627BCB0D	315CAFF8	000-----
627BCB0D	321C6E05	00------
627BCB0D	330D186E	22------
627BCB0D	3328F5C5	223-----
627BCB0D	34F52821	0-------
627BCB0D	35031459	22------
627BCB0D	3649D27B	222-----
627BCB0D	36E6993D	00------
627BCB0D	37639659	33------
627BCB0D	37D4ADB7	001-----
627BCB0D	39123F9E	00------
627BCB0D	3C61C58C	5-------
627BCB0D	3CAAD804	00------
627BCB0D	3D19B24A	333-----
627BCB0D	3F01A65C	33------
627BCB0D	4060981E	5-------
627BCB0D	4239745B	0-------
627BCB0D	44A9A7AE	0-------
627BCB0D	4519A8CE	4-------
627BCB0D	45213479	5-------
627BCB0D	4623F1DB	222-----
627BCB0D	483EFA58	22------
627BCB0D	4899DA7D	5-------
627BCB0D	48C1A188	1-------
627BCB0D	49AB74FD	22------
627BCB0D	4A285490	000-----
627BCB0D	4ADA4E65	2-------
627BCB0D	4ADF81CE	1-------
627BCB0D	4B9DC608	44------
627BCB0D	4BCC8D65	3-------
627BCB0D	4D90A6F5	222-----
627BCB0D	4F6F2726	0-------
627BCB0D	4F9E6DF5	4-------
627BCB0D	4FEE00FA	00000---
627BCB0D	5017D198	4-------
627BCB0D	528C8AD5	0-------
627BCB0D	528FD47E	3-------
627BCB0D	530C32F8	001-----
627BCB0D	54CD3DD1	1-------
627BCB0D	560AE703	2-------
627BCB0D	56CC6DC2	22------
627BCB0D	5711999A	4-------
627BCB0D	58B6CEE0	0-------
627BCB0D	597E7A06	0-------
627BCB0D	59DB6D63	222-----
627BCB0D	5D3339FB	0-------
627BCB0D	5E7CBC34	1-------
627BCB0D	5E8B74F0	0-------
627BCB0D	5EDA8F9F	22222223
627BCB0D	5F08E510	0-------
627BCB0D	5F785691	5-------
627BCB0D	612D7598	001-----
627BCB0D	61523313	1-------
627BCB0D	61E8EC78	0000----
627BCB0D	631DDA06	33------
627BCB0D	637C997E	22------
627BCB0D	6447CBF5	0-------
627BCB0D	64638C05	011-----
627BCB0D	6778530C	0-------
627BCB0D	69179612	0-------
627BCB0D	6961DE14	0-------
627BCB0D	6AFB074B	22------
627BCB0D	6CD6426F	22------
627BCB0D	6DF3E229	4-------
627BCB0D	71F2A5CD	44------
627BCB0D	7255EEAC	1-------
627BCB0D	7364CDD4	000-----
627BCB0D	740CE8B0	55------
627BCB0D	747BBC40	0000000-
627BCB0D	75032099	22------
627BCB0D	7521B03E	00------
627BCB0D	79BE42CC	3-------
627BCB0D	7B712595	000000--
627BCB0D	7D066E7C	0-------
627BCB0D	7DA73073	1-------
627BCB0D	7E08B0A7	00------
627BCB0D	7E83934C	00------
627BCB0D	7F8F11DC	0-------
627BCB0D	814E6DC7	1-------
627BCB0D	81F169D5	5-------
627BCB0D	82597C70	4-------
627BCB0D	8417D829	00------
627BCB0D	860089DC	0-------
627BCB0D	88B53B80	55------
627BCB0D	88B5ADDA	22------
627BCB0D	8A9819DF	00------
627BCB0D	8CBD4892	00------
627BCB0D	8CC1A91A	22------
627BCB0D	8D5D3A96	2-------
627BCB0D	8EF570DE	1-------
627BCB0D	900956D6	5-------
627BCB0D	939B9227	5-------
627BCB0D	946316C4	2-------
627BCB0D	959F7B3D	0-------
627BCB0D	95F884CC	4-------
627BCB0D	969FD36A	0-------
627BCB0D	972595F6	22------
627BCB0D	97892849	00------
627BCB0D	97F063B1	5-------
627BCB0D	98BA36F3	22------
627BCB0D	9933E8F4	00------
627BCB0D	99D75290	5-------
627BCB0D	9A202149	00------
627BCB0D	9A787EC3	001-----
627BCB0D	9BBA9063	223-----
627BCB0D	9C23F75C	1-------
627BCB0D	9E088D7D	2-------
627BCB0D	9EF08A91	2222----
627BCB0D	A3E5A39E	0-------
627BCB0D	A3ECAC3D	00------
627BCB0D	A6B76EF5	22222---
627BCB0D	A8204B9B	000-----
627BCB0D	A85CA4BE	4-------
627BCB0D	A929F4F7	0-------
627BCB0D	A9B9139F	44------
627BCB0D	A9E32819	3-------
627BCB0D	A9E4C2EE	0-------
627BCB0D	AA9323AC	000000--
627BCB0D	ABC21599	001-----
627BCB0D	AC2F48EC	5-------
627BCB0D	AE9A9020	00000---
627BCB0D	AF432509	4-------
627BCB0D	B373AD39	000-----
627BCB0D	B389D646	0-------
627BCB0D	B43FEC62	4-------
627BCB0D	B52E5CA6	00------
627BCB0D	B6F56356	0-------
627BCB0D	B78DDC27	0000----
627BCB0D	B9ADA8A1	2-------
627BCB0D	BD9DEF1E	001-----
627BCB0D	BF8C0982	3-------
627BCB0D	C04DFE9A	22------
627BCB0D	C18AB869	000-----
627BCB0D	C4117841	11------
627BCB0D	C441DFFB	4-------
627BCB0D	C67C8B3F	3-------
627BCB0D	C8F0052D	22------
627BCB0D	C8F1CC79	22------
627BCB0D	CB7CD7AE	5-------
627BCB0D	CBEACA2A	2222----
627BCB0D	CC39D1A1	0-------
627BCB0D	CC65FD00	22------
627BCB0D	CCE63E51	2-------
627BCB0D	CEEB5EC7	33------
627BCB0D	CF058F5E	5-------
627BCB0D	D1956CCE	2222222-
627BCB0D	D50D9ECC	000000--
627BCB0D	D5C3C52A	0-------
627BCB0D	D5DF998C	0-------
627BCB0D	D5E6ABA3	4-------
627BCB0D	D71A34BD	0-------
627BCB0D	D7AE2661	4-------
627BCB0D	D7C7868C	0-------
627BCB0D	E11171CA	000-----
627BCB0D	E211725B	00000---
627BCB0D	E3314A86	222-----
627BCB0D	E5670E1D	4-------
627BCB0D	E6B5020C	0-------
627BCB0D	E6F67AE1	2222----
627BCB0D	E7AAF51D	000-----
627BCB0D	E7EF72E7	4-------
627BCB0D	EA3D79C1	44------
627BCB0D	EAB6A975	5-------
627BCB0D	EACAE80E	4-------
627BCB0D	EAF01CED	0-------
627BCB0D	EB2D0C97	0-------
627BCB0D	F0B4FEB6	4-------
627BCB0D	F1BE31E8	3-------
627BCB0D	F1E0C7EA	0-------
627BCB0D	F3F54BE0	00------
627BCB0D	F6F54013	5-------
627BCB0D	F70FFB9E	5-------
627BCB0D	F977E904	223-----
627BCB0D	FBE00F54	4-------
627BCB0D	FECEE06F	0-------
627BCB0D	FEF8F9BC	011-----
627BCB0D	FF5FCFD4	0-------
627BCB0D	FFB74B45	0-------
FD3BE362	00B7A3DD	2222----
FD3BE362	014EF238	55------
FD3BE362	01A18BF7	0-------
FD3BE362	04896D14	00------
FD3BE362	06946300	555555--
FD3BE362	0788E6D7	00------
FD3BE362	09143248	00------
FD3BE362	0A387BFB	222-----
FD3BE362	0AEF5A61	00------
FD3BE362	0B1C4AD7	5-------
FD3BE362	0B9360D3	4-------
FD3BE362	0BA9D51F	223-----
FD3BE362	0C953D0A	0-------
FD3BE362	0CA58DC2	22------
FD3BE362	0D47910F	22222222
FD3BE362	0E4DD851	22------
FD3BE362	0F93236E	1-------
FD3BE362	1012C4E8	0-------
FD3BE362	102C7004	000-----
FD3BE362	10D34368	2222----
FD3BE362	112D05CB	4-------
FD3BE362	138619B0	4-------
FD3BE362	14DBD53F	5-------
FD3BE362	1541282A	33------
FD3BE362	15F60DA5	4-------
FD3BE362	17523167	0-------
FD3BE362	185D2339	0-------
FD3BE362	187D5322	22------
FD3BE362	1A9DF9FB	0-------
FD3BE362	1B4C9BAC	0-------
FD3BE362	1B6314E1	4-------
FD3BE362	1B8429CB	0-------
FD3BE362	1BC3BE8E	00------
FD3BE362	1E7721CE	4-------
FD3BE362	1F48C43A	5-------
FD3BE362	213FDF93	4-------
FD3BE362	21DD10B8	0-------
FD3BE362	21E1E848	22------
FD3BE362	228A88EA	2222----
FD3BE362	2301BA67	4-------
FD3BE362	23BF0A5C	0-------
FD3BE362	26A1A9BB	44------
FD3BE362	277084A8	000-----
FD3BE362	2797F75E	22222222
FD3BE362	27A70C2F	555-----
FD3BE362	28BD0326	0-------
FD3BE362	299AD261	5-------
FD3BE362	2B00F0DD	5-------
FD3BE362	2B8B4507	00------
FD3BE362	2B99994E	11------
FD3BE362	2D641792	22------
FD3BE362	2E80D75B	0-------
FD3BE362	2E9189B1	22------
FD3BE362	315CAFF8	0-------
FD3BE362	321C6E05	00------
FD3BE362	330D186E	22------
FD3BE362	3328F5C5	223-----
FD3BE362	35031459	22------
FD3BE362	36E6993D	00------
FD3BE362	37639659	33------
FD3BE362	37D4ADB7	001-----
FD3BE362	39123F9E	00------
FD3BE362	3A7DAD72	0-------
FD3BE362	3C61C58C	5-------
FD3BE362	3CAAD804	00------
FD3BE362	3D19B24A	333-----
FD3BE362	3F01A65C	33------
FD3BE362	4060981E	5-------
FD3BE362	44A9A7AE	0-------
FD3BE362	4519A8CE	4-------
FD3BE362	45213479	5-------
FD3BE362	4623F1DB	222-----
FD3BE362	483EFA58	22------
FD3BE362	4899DA7D	5-------
FD3BE362	48C1A188	1-------
FD3BE362	49AB74FD	22------
FD3BE362	4ADF81CE	1-------
FD3BE362	4B9DC608	44------
FD3BE362	4BCC8D65	3-------
FD3BE362	4D90A6F5	222-----
FD3BE362	4F6F2726	0-------
FD3BE362	4F9E6DF5	4-------
FD3BE362	4FA5384C	2-------
FD3BE362	4FEE00FA	00000---
FD3BE362	5017D198	4-------
FD3BE362	528C8AD5	0-------
FD3BE362	528FD47E	3-------
FD3BE362	530C32F8	001-----
FD3BE362	54CD3DD1	1-------
FD3BE362	560AE703	2-------
FD3BE362	5711999A	4-------
FD3BE362	58B6CEE0	0-------
FD3BE362	597E7A06	0-------
FD3BE362	59DB6D63	222-----
FD3BE362	5A4CE5AF	222-----
FD3BE362	5D3339FB	0-------
FD3BE362	5E7CBC34	1-------
FD3BE362	5EDA8F9F	22222223
FD3BE362	5F08E510	0-------
FD3BE362	5F785691	5-------
FD3BE362	612D7598	001-----
FD3BE362	61523313	1-------
FD3BE362	61E8EC78	0000----
FD3BE362	631DDA06	33------
FD3BE362	637C997E	22------
FD3BE362	6447CBF5	0-------
FD3BE362	644C1E14	0-------
FD3BE362	64638C05	011-----
FD3BE362	6778530C	0-------
FD3BE362	6AFB074B	22------
FD3BE362	6CD6426F	22------
FD3BE362	6DF3E229	4-------
FD3BE362	71F2A5CD	44------
FD3BE362	7255EEAC	1-------
FD3BE362	740CE8B0	55------
FD3BE362	747BBC40	00000000
FD3BE362	75032099	22------
FD3BE362	7521B03E	00------
FD3BE362	79BE42CC	3-------
FD3BE362	7B712595	000000--
FD3BE362	7C6ABEF0	2-------
FD3BE362	7D066E7C	0-------
FD3BE362	7DA73073	1-------
FD3BE362	7E08B0A7	00------
FD3BE362	7E83934C	00------
FD3BE362	7F8F11DC	0-------
FD3BE362	814E6DC7	1-------
FD3BE362	81F169D5	5-------
FD3BE362	82597C70	4-------
FD3BE362	828BD033	000-----
FD3BE362	8417D829	00------
FD3BE362	860089DC	00------
FD3BE362	88B53B80	55------
FD3BE362	88B5ADDA	22------
FD3BE362	8A9819DF	00------
FD3BE362	8CBD4892	00------
FD3BE362	8CC1A91A	22------
FD3BE362	8D5D3A96	2-------
FD3BE362	8DA419AB	000-----
FD3BE362	8DA7163F	0-------
FD3BE362	8EF570DE	1-------
FD3BE362	900956D6	5-------
FD3BE362	939B9227	5-------
FD3BE362	946316C4	2-------
FD3BE362	959F7B3D	0-------
FD3BE362	95F884CC	4-------
FD3BE362	969FD36A	0-------
FD3BE362	972595F6	22------
FD3BE362	97892849	00------
FD3BE362	97F063B1	5-------
FD3BE362	98BA36F3	22------
FD3BE362	9933E8F4	00------
FD3BE362	99D75290	5-------
FD3BE362	9A202149	00------
FD3BE362	9A787EC3	001-----
FD3BE362	9BBA9063	223-----
FD3BE362	9C23F75C	1-------
FD3BE362	9EF08A91	2222----
FD3BE362	A1474CDF	0-------
FD3BE362	A3E5A39E	0-------
FD3BE362	A3ECAC3D	00------
FD3BE362	A6B76EF5	22222---
FD3BE362	A85CA4BE	4-------
FD3BE362	A929F4F7	0-------
FD3BE362	A9B9139F	44------
FD3BE362	A9E32819	3-------
FD3BE362	A9E4C2EE	0-------
FD3BE362	AA9323AC	000000--
FD3BE362	ABC21599	001-----
FD3BE362	AC2F48EC	5-------
FD3BE362	AE9A9020	000-----
FD3BE362	AF432509	4-------
FD3BE362	B389D646	0-------
FD3BE362	B43FEC62	4-------
FD3BE362	B52E5CA6	00------
FD3BE362	B6F56356	0-------
FD3BE362	B78DDC27	000000--
FD3BE362	B9ADA8A1	2-------
FD3BE362	BD9DEF1E	001-----
FD3BE362	BEDEBB5A	000-----
FD3BE362	BF8C0982	3-------
FD3BE362	C04DFE9A	22------
FD3BE362	C4117841	11------
FD3BE362	C441DFFB	4-------
FD3BE362	C67C8B3F	3-------
FD3BE362	C8F0052D	22------
FD3BE362	C8F1CC79	22------
FD3BE362	CB7CD7AE	5-------
FD3BE362	CBEACA2A	2222----
FD3BE362	CC65FD00	22------
FD3BE362	CCE63E51	2-------
FD3BE362	CEEB5EC7	33------
FD3BE362	CF058F5E	5-------
FD3BE362	CF21703D	000-----
FD3BE362	D1956CCE	2222222-
FD3BE362	D3895D6B	00------
FD3BE362	D50D9ECC	000000--
FD3BE362	D5C3C52A	0-------
FD3BE362	D5DF998C	0-------
FD3BE362	D5E6ABA3	4-------
FD3BE362	D71A34BD	0-------
FD3BE362	D7AE2661	4-------
FD3BE362	D7C7868C	0-------
FD3BE362	D96562A6	000-----
FD3BE362	DCE33885	000-----
FD3BE362	E211725B	00000---
FD3BE362	E5670E1D	4-------
FD3BE362	E6F67AE1	2222----
FD3BE362	E7AAF51D	000-----
FD3BE362	E7EF72E7	4-------
FD3BE362	EA3D79C1	44------
FD3BE362	EAB6A975	5-------
FD3BE362	EACAE80E	4-------
FD3BE362	EAF01CED	0-------
FD3BE362	EB2D0C97	0-------
FD3BE362	EE7B7BA2	0-------
FD3BE362	F0B4FEB6	4-------
FD3BE362	F1BE31E8	3-------
FD3BE362	F1E0C7EA	0-------
FD3BE362	F20336D1	0-------
FD3BE362	F3F54BE0	00------
FD3BE362	F6F54013	5-------
FD3BE362	F70FFB9E	5-------
FD3BE362	F977E904	223-----
FD3BE362	FBE00F54	4-------
FD3BE362	FECEE06F	0-------
FD3BE362	FEF8F9BC	011-----
FD3BE362	FF5FCFD4	0-------
FD3BE362	FFB74B45	0-------
FC6CDF7B	00B7A3DD	222-----
FC6CDF7B	014EF238	55------
FC6CDF7B	01A18BF7	0-------
FC6CDF7B	04896D14	00------
FC6CDF7B	06946300	555555--
FC6CDF7B	0788E6D7	00------
FC6CDF7B	09143248	00------
FC6CDF7B	0AEF5A61	00------
FC6CDF7B	0B1C4AD7	5-------
FC6CDF7B	0B9360D3	4-------
FC6CDF7B	0BA9D51F	223-----
FC6CDF7B	0C953D0A	0-------
FC6CDF7B	0CA58DC2	22------
FC6CDF7B	0D47910F	22222222
FC6CDF7B	0E4DD851	22------
FC6CDF7B	0F93236E	1-------
FC6CDF7B	1012C4E8	0-------
FC6CDF7B	10D34368	2222----
FC6CDF7B	112D05CB	4-------
FC6CDF7B	138619B0	4-------
FC6CDF7B	14DBD53F	5-------
FC6CDF7B	1541282A	33------
FC6CDF7B	15F60DA5	4-------
FC6CDF7B	17523167	0-------
FC6CDF7B	185D2339	0-------
FC6CDF7B	187D5322	22------
FC6CDF7B	1B6314E1	4-------
FC6CDF7B	1B8429CB	0-------
FC6CDF7B	1BC3BE8E	00------
FC6CDF7B	1E7721CE	4-------
FC6CDF7B	1F48C43A	5-------
FC6CDF7B	20958F73	0-------
FC6CDF7B	213FDF93	4-------
FC6CDF7B	21DD10B8	0-------
FC6CDF7B	21E1E848	22------
FC6CDF7B	228A88EA	2222----
FC6CDF7B	2301BA67	4-------
FC6CDF7B	23BF0A5C	0-------
FC6CDF7B	26A1A9BB	44------
FC6CDF7B	2797F75E	22222222
FC6CDF7B	27A70C2F	555-----
FC6CDF7B	28BD0326	0-------
FC6CDF7B	299AD261	5-------
FC6CDF7B	2B00F0DD	5-------
FC6CDF7B	2B8B4507	00------
FC6CDF7B	2B99994E	11------
FC6CDF7B	2BE756E0	000-----
FC6CDF7B	2D641792	22------
FC6CDF7B	2E80D75B	0-------
FC6CDF7B	2E9189B1	22------
FC6CDF7B	2F5924A9	000-----
FC6CDF7B	315CAFF8	000-----
FC6CDF7B	321C6E05	00------
FC6CDF7B	330D186E	22------
FC6CDF7B	3328F5C5	223-----
FC6CDF7B	35031459	22------
FC6CDF7B	36C7FBFF	222-----
FC6CDF7B	36E6993D	00------
FC6CDF7B	37639659	33------
FC6CDF7B	37D4ADB7	001-----
FC6CDF7B	39123F9E	00------
FC6CDF7B	3B2CD367	0-------
FC6CDF7B	3C61C58C	5-------
FC6CDF7B	3CAAD804	00------
FC6CDF7B	3D19B24A	333-----
FC6CDF7B	3F01A65C	33------
FC6CDF7B	3F38A74C	0-------
FC6CDF7B	4060981E	5-------
FC6CDF7B	44A9A7AE	0-------
FC6CDF7B	4519A8CE	4-------
FC6CDF7B	45213479	5-------
FC6CDF7B	4623F1DB	2222----
FC6CDF7B	483EFA58	22------
FC6CDF7B	4899DA7D	5-------
FC6CDF7B	48C1A188	1-------
FC6CDF7B	49AB74FD	22------
FC6CDF7B	4ADF81CE	1-------
FC6CDF7B	4B569F45	000-----
FC6CDF7B	4B9DC608	44------
FC6CDF7B	4BCC8D65	3-------
FC6CDF7B	4D90A6F5	22------
FC6CDF7B	4F6F2726	0-------
FC6CDF7B	4F9E6DF5	4-------
FC6CDF7B	4FEE00FA	00000---
FC6CDF7B	5017D198	4-------
FC6CDF7B	528C8AD5	0-------
FC6CDF7B	528FD47E	3-------
FC6CDF7B	530C32F8	001-----
FC6CDF7B	54CD3DD1	1-------
FC6CDF7B	54F603A5	000-----
FC6CDF7B	5573C38B	000-----
FC6CDF7B	560AE703	2-------
FC6CDF7B	5711999A	4-------
FC6CDF7B	58B6CEE0	0-------
FC6CDF7B	597E7A06	0-------
FC6CDF7B	59DB6D63	222-----
FC6CDF7B	5D3339FB	0-------
FC6CDF7B	5E7CBC34	1-------
FC6CDF7B	5EDA8F9F	22222223
FC6CDF7B	5F08E510	0-------
FC6CDF7B	5F785691	5-------
FC6CDF7B	612D7598	001-----
FC6CDF7B	61523313	1-------
FC6CDF7B	61E8EC78	0000----
FC6CDF7B	631DDA06	33------
FC6CDF7B	637C997E	22------
FC6CDF7B	6447CBF5	0-------
FC6CDF7B	64638C05	011-----
FC6CDF7B	6778530C	0-------
FC6CDF7B	6AFB074B	22------
FC6CDF7B	6CD6426F	22------
FC6CDF7B	6DF3E229	4-------
FC6CDF7B	6E9A9A71	0-------
FC6CDF7B	71F2A5CD	44------
FC6CDF7B	7255EEAC	1-------
FC6CDF7B	740CE8B0	55------
FC6CDF7B	747BBC40	000000--
FC6CDF7B	75032099	22------
FC6CDF7B	7521B03E	00------
FC6CDF7B	79BE42CC	3-------
FC6CDF7B	7B712595	000000--
FC6CDF7B	7D066E7C	0-------
FC6CDF7B	7DA73073	1-------
FC6CDF7B	7E08B0A7	00------
FC6CDF7B	7E83934C	00------
FC6CDF7B	7F8296C3	000-----
FC6CDF7B	7F8F11DC	0-------
FC6CDF7B	814E6DC7	1-------
FC6CDF7B	81A9A90D	0-------
FC6CDF7B	81F169D5	5-------
FC6CDF7B	82597C70	4-------
FC6CDF7B	82AE63CF	000-----
FC6CDF7B	8417D829	00------
FC6CDF7B	88B53B80	55------
FC6CDF7B	88B5ADDA	22------
FC6CDF7B	8A9819DF	00------
FC6CDF7B	8CBD4892	00------
FC6CDF7B	8CC1A91A	22------
FC6CDF7B	8D5D3A96	2-------
FC6CDF7B	8EC0E8D2	2-------
FC6CDF7B	8EF570DE	1-------
FC6CDF7B	900956D6	5-------
FC6CDF7B	939B9227	5-------
FC6CDF7B	946316C4	2-------
FC6CDF7B	959F7B3D	0-------
FC6CDF7B	95F884CC	4-------
FC6CDF7B	969FD36A	0-------
FC6CDF7B	972595F6	22------
FC6CDF7B	97892849	00------
FC6CDF7B	97F063B1	5-------
FC6CDF7B	98BA36F3	22------
FC6CDF7B	9933E8F4	00------
FC6CDF7B	99D75290	5-------
FC6CDF7B	9A202149	00------
FC6CDF7B	9A787EC3	001-----
FC6CDF7B	9BBA9063	223-----
FC6CDF7B	9C23F75C	1-------
FC6CDF7B	9D4D7649	000-----
FC6CDF7B	9EF08A91	2222----
FC6CDF7B	A3E5A39E	0-------
FC6CDF7B	A3ECAC3D	00------
FC6CDF7B	A6B76EF5	22222---
FC6CDF7B	A85CA4BE	4-------
FC6CDF7B	A929F4F7	0-------
FC6CDF7B	A9B9139F	44------
FC6CDF7B	A9E32819	3-------
FC6CDF7B	A9E4C2EE	0-------
FC6CDF7B	AA9323AC	000000--
FC6CDF7B	ABC21599	001-----
FC6CDF7B	AC2F48EC	5-------
FC6CDF7B	AE9A9020	000000--
FC6CDF7B	AF432509	4-------
FC6CDF7B	B389D646	0-------
FC6CDF7B	B43FEC62	4-------
FC6CDF7B	B52E5CA6	00------
FC6CDF7B	B6F56356	0-------
FC6CDF7B	B78DDC27	0000----
FC6CDF7B	B8F95EE9	0-------
FC6CDF7B	B9ADA8A1	2-------
FC6CDF7B	BD9DEF1E	001-----
FC6CDF7B	BEB6AD12	0-------
FC6CDF7B	BF8C0982	3-------
FC6CDF7B	C04DFE9A	22------
FC6CDF7B	C4117841	11------
FC6CDF7B	C441DFFB	4-------
FC6CDF7B	C67C8B3F	3-------
FC6CDF7B	C8F0052D	22------
FC6CDF7B	C8F1CC79	22------
FC6CDF7B	CB7CD7AE	5-------
FC6CDF7B	CBEACA2A	2222----
FC6CDF7B	CC65FD00	22------
FC6CDF7B	CCE63E51	2-------
FC6CDF7B	CEEB5EC7	33------
FC6CDF7B	CF058F5E	5-------
FC6CDF7B	D1956CCE	2222222-
FC6CDF7B	D3895D6B	00------
FC6CDF7B	D50D9ECC	000000--
FC6CDF7B	D5C3C52A	0-------
FC6CDF7B	D5DF998C	0-------
FC6CDF7B	D5E6ABA3	4-------
FC6CDF7B	D71A34BD	0-------
FC6CDF7B	D7AE2661	4-------
FC6CDF7B	D7C7868C	0-------
FC6CDF7B	DE40825F	222-----
FC6CDF7B	E211725B	00000---
FC6CDF7B	E5670E1D	4-------
FC6CDF7B	E6F67AE1	2222----
FC6CDF7B	E7AAF51D	000-----
FC6CDF7B	E7EF72E7	4-------
FC6CDF7B	E99D14FC	0-------
FC6CDF7B	EA3D79C1	44------
FC6CDF7B	EAB6A975	5-------
FC6CDF7B	EACAE80E	4-------
FC6CDF7B	EAF01CED	0-------
FC6CDF7B	EB2D0C97	0-------
FC6CDF7B	F0B4FEB6	4-------
FC6CDF7B	F1667229	2-------
FC6CDF7B	F1BE31E8	3-------
FC6CDF7B	F1E0C7EA	0-------
FC6CDF7B	F3F54BE0	00------
FC6CDF7B	F524E90D	000-----
FC6CDF7B	F6F54013	5-------
FC6CDF7B	F70FFB9E	5-------
FC6CDF7B	F977E904	223-----
FC6CDF7B	FBE00F54	4-------
FC6CDF7B	FC9C65EF	2-------
FC6CDF7B	FECEE06F	0-------
FC6CDF7B	FEF8F9BC	011-----
FC6CDF7B	FF5FCFD4	0-------
FC6CDF7B	FFB74B45	0-------
E7053919	00B7A3DD	2222----
E7053919	014EF238	55------
E7053919	01A18BF7	0-------
E7053919	04896D14	00------
E7053919	06946300	555555--
E7053919	0788E6D7	00------
E7053919	09143248	00------
E7053919	0AEF5A61	00------
E7053919	0B1C4AD7	5-------
E7053919	0B9360D3	4-------
E7053919	0BA9D51F	223-----
E7053919	0C953D0A	0-------
E7053919	0CA58DC2	22------
E7053919	0D47910F	22222222
E7053919	0E4DD851	22------
E7053919	0F93236E	1-------
E7053919	1012C4E8	0-------
E7053919	10D34368	2222----
E7053919	112D05CB	4-------
E7053919	138619B0	4-------
E7053919	14DBD53F	5-------
E7053919	1541282A	33------
E7053919	15F60DA5	4-------
E7053919	17523167	0-------
E7053919	185D2339	0-------
E7053919	187D5322	22------
E7053919	1A6615CB	0-------
E7053919	1B6314E1	4-------
E7053919	1B8429CB	0-------
E7053919	1BC3BE8E	00------
E7053919	1E7721CE	4-------
E7053919	1F48C43A	5-------
E7053919	213FDF93	4-------
E7053919	21DD10B8	0-------
E7053919	21E1E848	22------
E7053919	228A88EA	2222----
E7053919	2301BA67	4-------
E7053919	23BF0A5C	0-------
E7053919	26A1A9BB	44------
E7053919	2797F75E	22222222
E7053919	27A70C2F	555-----
E7053919	28BD0326	0-------
E7053919	299AD261	5-------
E7053919	2B00F0DD	5-------
E7053919	2B8B4507	00------
E7053919	2B99994E	11------
E7053919	2D641792	22------
E7053919	2E66A623	0-------
E7053919	2E80D75B	0-------
E7053919	2E9189B1	22------
E7053919	2F77493F	222-----
E7053919	305D5FE7	000-----
E7053919	315CAFF8	000-----
E7053919	321C6E05	00------
E7053919	330D186E	22------
E7053919	3328F5C5	223-----
E7053919	35031459	22------
E7053919	36E6993D	00------
E7053919	37639659	33------
E7053919	37D4ADB7	001-----
E7053919	39123F9E	00------
E7053919	3C61C58C	5-------
E7053919	3CAAD804	00------
E7053919	3D19B24A	333-----
E7053919	3F01A65C	33------
E7053919	3F38A74C	0-------
E7053919	4060981E	5-------
E7053919	44A9A7AE	0-------
E7053919	4519A8CE	4-------
E7053919	45213479	5-------
E7053919	45E4F42E	000-----
E7053919	4623F1DB	222-----
E7053919	483EFA58	22------
E7053919	4899DA7D	5-------
E7053919	48C1A188	1-------
E7053919	48D8802C	0-------
E7053919	49AB74FD	22------
E7053919	4ADF81CE	1-------
E7053919	4B9DC608	44------
E7053919	4BCC8D65	3-------
E7053919	4D90A6F5	22------
E7053919	4F6F2726	0-------
E7053919	4F9E6DF5	4-------
E7053919	4FEE00FA	00000---
E7053919	5017D198	4-------
E7053919	528C8AD5	0-------
E7053919	528FD47E	3-------
E7053919	530C32F8	001-----
E7053919	54CD3DD1	1-------
E7053919	55864DE2	00------
E7053919	560AE703	2-------
E7053919	5711999A	4-------
E7053919	58B6CEE0	0-------
E7053919	597E7A06	0-------
E7053919	59DB6D63	222-----
E7053919	5D3339FB	0-------
E7053919	5E7CBC34	1-------
E7053919	5EDA8F9F	22222223
E7053919	5F08E510	0-------
E7053919	5F785691	5-------
E7053919	612D7598	001-----
E7053919	61523313	1-------
E7053919	61E8EC78	0000----
E7053919	631DDA06	33------
E7053919	637C997E	22------
E7053919	6447CBF5	0-------
E7053919	64638C05	011-----
E7053919	6778530C	0-------
E7053919	6AFB074B	22------
E7053919	6CD6426F	22------
E7053919	6DF3E229	4-------
E7053919	6F5F5A09	2-------
E7053919	71F2A5CD	44------
E7053919	7255EEAC	1-------
E7053919	740CE8B0	55------
E7053919	747BBC40	0000000-
E7053919	74B4954F	000-----
E7053919	75032099	22------
E7053919	7521B03E	00------
E7053919	75A18818	000-----
E7053919	79BE42CC	3-------
E7053919	7AB79A99	0-------
E7053919	7B712595	000000--
E7053919	7D066E7C	0-------
E7053919	7D0F2B0F	000-----
E7053919	7DA73073	1-------
E7053919	7E08B0A7	00------
E7053919	7E83934C	00------
E7053919	7F8F11DC	0-------
E7053919	814E6DC7	1-------
E7053919	81F169D5	5-------
E7053919	82597C70	4-------
E7053919	8417D829	00------
E7053919	88B53B80	55------
E7053919	88B5ADDA	22------
E7053919	8A9819DF	00------
E7053919	8CBD4892	00------
E7053919	8CC1A91A	22------
E7053919	8D5D3A96	2-------
E7053919	8EC0E8D2	2-------
E7053919	8EF570DE	1-------
E7053919	900956D6	5-------
E7053919	939B9227	5-------
E7053919	946316C4	2-------
E7053919	959F7B3D	0-------
E7053919	95F884CC	4-------
E7053919	969FD36A	0-------
E7053919	972595F6	22------
E7053919	97892849	00------
E7053919	97F063B1	5-------
E7053919	98BA36F3	22------
E7053919	9933E8F4	00------
E7053919	99A6462B	000-----
E7053919	99D75290	5-------
E7053919	9A202149	00------
E7053919	9A787EC3	001-----
E7053919	9BBA9063	223-----
E7053919	9C23F75C	1-------
E7053919	9EF08A91	2222----
E7053919	9F9C4118	0-------
E7053919	A128619C	0-------
E7053919	A2545EF5	0-------
E7053919	A3E5A39E	0-------
E7053919	A3ECAC3D	00------
E7053919	A6B76EF5	22222---
E7053919	A85CA4BE	4-------
E7053919	A929F4F7	0-------
E7053919	A9B9139F	44------
E7053919	A9E32819	3-------
E7053919	A9E4C2EE	0-------
E7053919	AA118FD6	0-------
E7053919	AA9323AC	000000--
E7053919	ABC21599	001-----
E7053919	AC2F48EC	5-------
E7053919	AE9A9020	00000---
E7053919	AF432509	4-------
E7053919	AFAB9704	000-----
E7053919	B389D646	0-------
E7053919	B43FEC62	4-------
E7053919	B52E5CA6	00------
E7053919	B6F56356	0-------
E7053919	B78DDC27	000-----
E7053919	B9ADA8A1	2-------
E7053919	BD9DEF1E	001-----
E7053919	BF8C0982	3-------
E7053919	C04DFE9A	22------
E7053919	C4117841	11------
E7053919	C441DFFB	4-------
E7053919	C67C8B3F	3-------
E7053919	C8F0052D	22------
E7053919	C8F1CC79	22------
E7053919	CB7CD7AE	5-------
E7053919	CBE0F026	000-----
E7053919	CBEACA2A	2222----
E7053919	CC65FD00	22------
E7053919	CCE63E51	2-------
E7053919	CEEB5EC7	33------
E7053919	CF058F5E	5-------
E7053919	D1956CCE	2222222-
E7053919	D50D9ECC	000000--
E7053919	D5C3C52A	0-------
E7053919	D5DF998C	0-------
E7053919	D5E6ABA3	4-------
E7053919	D71A34BD	0-------
E7053919	D7AE2661	4-------
E7053919	D7C7868C	0-------
E7053919	E211725B	00000---
E7053919	E4F3CBC5	0-------
E7053919	E55F7285	0-------
E7053919	E5670E1D	4-------
E7053919	E6F67AE1	2222----
E7053919	E7AAF51D	000-----
E7053919	E7EF72E7	4-------
E7053919	EA3D79C1	44------
E7053919	EAB6A975	5-------
E7053919	EACAE80E	4-------
E7053919	EAF01CED	0-------
E7053919	EB2D0C97	0-------
E7053919	EDF3C251	000-----
E7053919	F0B4FEB6	4-------
E7053919	F1BE31E8	3-------
E7053919	F1E0C7EA	0-------
E7053919	F3F54BE0	00------
E7053919	F6F54013	5-------
E7053919	F70FFB9E	5-------
E7053919	F977E904	223-----
E7053919	FBE00F54	4-------
E7053919	FECEE06F	0-------
E7053919	FEF8F9BC	011-----
E7053919	FF5FCFD4	0-------
E7053919	FFB74B45	0-------
978E4B18	00B7A3DD	22------
978E4B18	014EF238	55------
978E4B18	01A18BF7	0-------
978E4B18	04896D14	00------
978E4B18	0655ADAA	000-----
978E4B18	06946300	555555--
978E4B18	0788E6D7	00------
978E4B18	09143248	00------
978E4B18	0AEF5A61	00------
978E4B18	0B1C4AD7	5-------
978E4B18	0B9360D3	4-------
978E4B18	0BA9D51F	223-----
978E4B18	0C953D0A	0-------
978E4B18	0CA58DC2	22------
978E4B18	0D47910F	22222222
978E4B18	0DB4DBFA	0-------
978E4B18	0E4DD851	22------
978E4B18	0F93236E	1-------
978E4B18	1012C4E8	0-------
978E4B18	10D34368	2222----
978E4B18	112D05CB	4-------
978E4B18	138619B0	4-------
978E4B18	14DBD53F	5-------
978E4B18	1541282A	33------
978E4B18	15F60DA5	4-------
978E4B18	17523167	0-------
978E4B18	185D2339	0-------
978E4B18	187D5322	22------
978E4B18	1B6314E1	4-------
978E4B18	1B8429CB	0-------
978E4B18	1BC3BE8E	00------
978E4B18	1E7721CE	4-------
978E4B18	1F48C43A	5-------
978E4B18	204DF6AE	0-------
978E4B18	213FDF93	4-------
978E4B18	21DD10B8	0-------
978E4B18	21E1E848	22------
978E4B18	228A88EA	2222----
978E4B18	2301BA67	4-------
978E4B18	23BF0A5C	0-------
978E4B18	23DDDDEB	0-------
978E4B18	2479DC1A	000-----
978E4B18	251C1C6B	000-----
978E4B18	26A1A9BB	44------
978E4B18	2797F75E	22222222
978E4B18	27A70C2F	555-----
978E4B18	28BD0326	0-------
978E4B18	299AD261	5-------
978E4B18	2B00F0DD	5-------
978E4B18	2B8B4507	00------
978E4B18	2B99994E	11------
978E4B18	2D641792	22------
978E4B18	2E80D75B	0-------
978E4B18	2E9189B1	22------
978E4B18	315CAFF8	000-----
978E4B18	321C6E05	00------
978E4B18	326BC75A	000-----
978E4B18	330D186E	22------
978E4B18	3328F5C5	223-----
978E4B18	35031459	22------
978E4B18	36E6993D	00------
978E4B18	37639659	33------
978E4B18	37D4ADB7	001-----
978E4B18	39123F9E	00------
978E4B18	3C61C58C	5-------
978E4B18	3CAAD804	00------
978E4B18	3D19B24A	333-----
978E4B18	3F01A65C	33------
978E4B18	4060981E	5-------
978E4B18	44A9A7AE	0-------
978E4B18	4519A8CE	4-------
978E4B18	45213479	5-------
978E4B18	4623F1DB	2222----
978E4B18	483EFA58	22------
978E4B18	4899DA7D	5-------
978E4B18	48C1A188	1-------
978E4B18	49AB74FD	22------
978E4B18	4ADF81CE	1-------
978E4B18	4B9DC608	44------
978E4B18	4BCC8D65	3-------
978E4B18	4D90A6F5	22------
978E4B18	4F24A90A	000-----
978E4B18	4F6F2726	0-------
978E4B18	4F9E6DF5	4-------
978E4B18	4FEE00FA	00000---
978E4B18	5017D198	4-------
978E4B18	528C8AD5	0-------
978E4B18	528FD47E	3-------
978E4B18	530C32F8	001-----
978E4B18	54CD3DD1	1-------
978E4B18	560AE703	2-------
978E4B18	56CC6DC2	22------
978E4B18	5711999A	4-------
978E4B18	58B6CEE0	0-------
978E4B18	597E7A06	0-------
978E4B18	59A71F35	0-------
978E4B18	59DB6D63	222-----
978E4B18	5D3339FB	0-------
978E4B18	5E7CBC34	1-------
978E4B18	5EDA8F9F	22222223
978E4B18	5F08E510	0-------
978E4B18	5F785691	5-------
978E4B18	612D7598	001-----
978E4B18	61523313	1-------
978E4B18	61E8EC78	0000----
978E4B18	631DDA06	33------
978E4B18	637C997E	22------
978E4B18	6447CBF5	0-------
978E4B18	64638C05	011-----
978E4B18	6778530C	0-------
978E4B18	6964B542	000-----
978E4B18	6AFB074B	22------
978E4B18	6CD6426F	22------
978E4B18	6DF3E229	4-------
978E4B18	71F2A5CD	44------
978E4B18	7255EEAC	1-------
978E4B18	740CE8B0	55------
978E4B18	747BBC40	000000--
978E4B18	75032099	22------
978E4B18	7521B03E	00------
978E4B18	79BE42CC	3-------
978E4B18	7B712595	000000--
978E4B18	7D066E7C	0-------
978E4B18	7DA73073	1-------
978E4B18	7E08B0A7	00------
978E4B18	7E83934C	00------
978E4B18	7F8F11DC	0-------
978E4B18	814E6DC7	1-------
978E4B18	81F169D5	5-------
978E4B18	82597C70	4-------
978E4B18	8417D829	00------
978E4B18	860089DC	0-------
978E4B18	88B53B80	55------
978E4B18	88B5ADDA	22------
978E4B18	8A9819DF	00------
978E4B18	8CBD4892	00------
978E4B18	8CC1A91A	22------
978E4B18	8D5D3A96	2-------
978E4B18	8EF570DE	1-------
978E4B18	8F13CF43	0-------
978E4B18	900956D6	5-------
978E4B18	93309962	0-------
978E4B18	939B9227	5-------
978E4B18	946316C4	2-------
978E4B18	959F7B3D	0-------
978E4B18	95F884CC	4-------
978E4B18	969FD36A	0-------
978E4B18	972595F6	22------
978E4B18	97892849	00------
978E4B18	97F063B1	5-------
978E4B18	98BA36F3	22------
978E4B18	9933E8F4	00------
978E4B18	99D75290	5-------
978E4B18	9A202149	00------
978E4B18	9A787EC3	001-----
978E4B18	9BBA9063	223-----
978E4B18	9C23F75C	1-------
978E4B18	9EF08A91	2222----
978E4B18	A128619C	000-----
978E4B18	A174FD6F	0-------
978E4B18	A3E5A39E	0-------
978E4B18	A3ECAC3D	00------
978E4B18	A62962DE	2-------
978E4B18	A6B76EF5	22222---
978E4B18	A7E25E32	000-----
978E4B18	A85CA4BE	4-------
978E4B18	A929F4F7	0-------
978E4B18	A9B9139F	44------
978E4B18	A9E32819	3-------
978E4B18	A9E4C2EE	0-------
978E4B18	AA9323AC	000000--
978E4B18	ABC21599	001-----
978E4B18	AC2F48EC	5-------
978E4B18	AE9A9020	000000--
978E4B18	AF432509	4-------
978E4B18	B389D646	0-------
978E4B18	B43FEC62	4-------
978E4B18	B52E5CA6	00------
978E4B18	B6F56356	0-------
978E4B18	B78DDC27	000-----
978E4B18	B9ADA8A1	2-------
978E4B18	BD9DEF1E	001-----
978E4B18	BF8C0982	3-------
978E4B18	C04DFE9A	22------
978E4B18	C4117841	11------
978E4B18	C441DFFB	4-------
978E4B18	C67C8B3F	3-------
978E4B18	C8F0052D	22------
978E4B18	C8F1CC79	22------
978E4B18	CB7CD7AE	5-------
978E4B18	CBEACA2A	2222----
978E4B18	CC65FD00	22------
978E4B18	CCE63E51	2-------
978E4B18	CEEB5EC7	33------
978E4B18	CF058F5E	5-------
978E4B18	D1956CCE	2222222-
978E4B18	D3F5BEB7	000-----
978E4B18	D50D9ECC	000000--
978E4B18	D5C3C52A	0-------
978E4B18	D5DF998C	0-------
978E4B18	D5E6ABA3	4-------
978E4B18	D71A34BD	0-------
978E4B18	D7AE2661	4-------
978E4B18	D7C7868C	0-------
978E4B18	D813ADCC	222-----
978E4B18	D997141E	2-------
978E4B18	E211725B	00000---
978E4B18	E5670E1D	4-------
978E4B18	E6F67AE1	2222----
978E4B18	E7AAF51D	000-----
978E4B18	E7EF72E7	4-------
978E4B18	E8C4ABB4	222-----
978E4B18	EA3D79C1	44------
978E4B18	EAB6A975	5-------
978E4B18	EACAE80E	4-------
978E4B18	EAF01CED	0-------
978E4B18	EB2D0C97	0-------
978E4B18	F0B4FEB6	4-------
978E4B18	F1BE31E8	3-------
978E4B18	F1E0C7EA	0-------
978E4B18	F3F54BE0	00------
978E4B18	F6F54013	5-------
978E4B18	F70FFB9E	5-------
978E4B18	F977E904	223-----
978E4B18	FBE00F54	4-------
978E4B18	FECEE06F	0-------
978E4B18	FEF8F9BC	011-----
978E4B18	FF5FCFD4	0-------
978E4B18	FFB74B45	0-------
0D21B430	00B7A3DD	2222----
0D21B430	014EF238	55------
0D21B430	01A18BF7	0-------
0D21B430	04896D14	00------
0D21B430	06946300	555555--
0D21B430	0788E6D7	00------
0D21B430	09143248	00------
0D21B430	09DD0203	0-------
0D21B430	0AEF5A61	00------
0D21B430	0B1C4AD7	5-------
0D21B430	0B9360D3	4-------
0D21B430	0BA9D51F	223-----
0D21B430	0BD6A24A	000-----
0D21B430	0C953D0A	0-------
0D21B430	0CA58DC2	22------
0D21B430	0D47910F	22222222
0D21B430	0E4DD851	22------
0D21B430	0F93236E	1-------
0D21B430	1012C4E8	0-------
0D21B430	10D34368	2222----
0D21B430	112D05CB	4-------
0D21B430	138619B0	4-------
0D21B430	14DBD53F	5-------
0D21B430	1541282A	33------
0D21B430	15F60DA5	4-------
0D21B430	17523167	0-------
0D21B430	185D2339	0-------
0D21B430	187D5322	22------
0D21B430	196287BC	0-------
0D21B430	1B6314E1	4-------
0D21B430	1B8429CB	0-------
0D21B430	1BC3BE8E	00------
0D21B430	1E7721CE	4-------
0D21B430	1F48C43A	5-------
0D21B430	201DC5B4	000-----
0D21B430	213FDF93	4-------
0D21B430	21DD10B8	0-------
0D21B430	21E1E848	22------
0D21B430	228A88EA	2222----
0D21B430	2301BA67	4-------
0D21B430	23BF0A5C	0-------
0D21B430	26A1A9BB	44------
0D21B430	2797F75E	22222222
0D21B430	27A70C2F	555-----
0D21B430	28BD0326	0-------
0D21B430	299AD261	5-------
0D21B430	2B00F0DD	5-------
0D21B430	2B8B4507	00------
0D21B430	2B99994E	11------
0D21B430	2D13448F	00------
0D21B430	2D641792	22------
0D21B430	2E80D75B	0-------
0D21B430	2E9189B1	22------
0D21B430	315CAFF8	000-----
0D21B430	321C6E05	00------
0D21B430	330D186E	22------
0D21B430	3328F5C5	223-----
0D21B430	35031459	22------
0D21B430	36E6993D	00------
0D21B430	37639659	33------
0D21B430	37D4ADB7	001-----
0D21B430	39123F9E	00------
0D21B430	3C61C58C	5-------
0D21B430	3CAAD804	00------
0D21B430	3D19B24A	333-----
0D21B430	3F01A65C	33------
0D21B430	4060981E	5-------
0D21B430	44A9A7AE	0-------
0D21B430	4519A8CE	4-------
0D21B430	45213479	5-------
0D21B430	4623F1DB	222-----
0D21B430	483EFA58	22------
0D21B430	4899DA7D	5-------
0D21B430	48C1A188	1-------
0D21B430	49AB74FD	22------
0D21B430	4ADF81CE	1-------
0D21B430	4B9DC608	44------
0D21B430	4BCC8D65	3-------
0D21B430	4D90A6F5	2-------
0D21B430	4F6F2726	0-------
0D21B430	4F9E6DF5	4-------
0D21B430	4FEE00FA	00000---
0D21B430	5017D198	4-------
0D21B430	528C8AD5	0-------
0D21B430	528FD47E	3-------
0D21B430	530C32F8	001-----
0D21B430	54CD3DD1	1-------
0D21B430	560AE703	2-------
0D21B430	5711999A	4-------
0D21B430	58B6CEE0	0-------
0D21B430	597E7A06	0-------
0D21B430	59DB6D63	222-----
0D21B430	5D3339FB	0-------
0D21B430	5E04CE0A	0-------
0D21B430	5E7CBC34	1-------
0D21B430	5EDA8F9F	22222223
0D21B430	5EE3EF92	0-------
0D21B430	5F08E510	0-------
0D21B430	5F785691	5-------
0D21B430	612D7598	001-----
0D21B430	61523313	1-------
0D21B430	61E8EC78	0000----
0D21B430	631DDA06	33------
0D21B430	637C997E	22------
0D21B430	6447CBF5	0-------
0D21B430	64638C05	011-----
0D21B430	6778530C	0-------
0D21B430	6AFB074B	22------
0D21B430	6B232CD7	0-------
0D21B430	6BFC963A	000-----
0D21B430	6CD6426F	22------
0D21B430	6DF3E229	4-------
0D21B430	71F2A5CD	44------
0D21B430	7255EEAC	1-------
0D21B430	740CE8B0	55------
0D21B430	747BBC40	00000000
0D21B430	75032099	22------
0D21B430	7521B03E	00------
0D21B430	79BE42CC	3-------
0D21B430	7B712595	000000--
0D21B430	7D066E7C	0-------
0D21B430	7DA73073	1-------
0D21B430	7E08B0A7	00------
0D21B430	7E83934C	00------
0D21B430	7F8F11DC	0-------
0D21B430	814E6DC7	1-------
0D21B430	81F169D5	5-------
0D21B430	82597C70	4-------
0D21B430	8417D829	00------
0D21B430	860089DC	0-------
0D21B430	88B53B80	55------
0D21B430	88B5ADDA	22------
0D21B430	8A9819DF	00------
0D21B430	8B596279	000-----
0D21B430	8CBD4892	00------
0D21B430	8CC1A91A	22------
0D21B430	8D5D3A96	2-------
0D21B430	8EC0E8D2	22------
0D21B430	8EF570DE	1-------
0D21B430	900956D6	5-------
0D21B430	939B9227	5-------
0D21B430	946316C4	2-------
0D21B430	959F7B3D	0-------
0D21B430	95F884CC	4-------
0D21B430	969FD36A	0-------
0D21B430	972595F6	22------
0D21B430	97892849	00------
0D21B430	97F063B1	5-------
0D21B430	98BA36F3	22------
0D21B430	9933E8F4	00------
0D21B430	99D75290	5-------
0D21B430	9A202149	00------
0D21B430	9A787EC3	001-----
0D21B430	9BBA9063	223-----
0D21B430	9C23F75C	1-------
0D21B430	9D85273A	000-----
0D21B430	9EF08A91	2222----
0D21B430	A128619C	0-------
0D21B430	A3E5A39E	0-------
0D21B430	A3ECAC3D	00------
0D21B430	A6B76EF5	22222---
0D21B430	A85CA4BE	4-------
0D21B430	A929F4F7	0-------
0D21B430	A9B9139F	44------
0D21B430	A9E32819	3-------
0D21B430	A9E4C2EE	0-------
0D21B430	AA9323AC	000000--
0D21B430	ABC21599	001-----
0D21B430	AC2F48EC	5-------
0D21B430	AC8DF1D5	000-----
0D21B430	AE9A9020	000-----
0D21B430	AECCA6E5	000-----
0D21B430	AF432509	4-------
0D21B430	B389D646	0-------
0D21B430	B43FEC62	4-------
0D21B430	B52E5CA6	00------
0D21B430	B6F56356	0-------
0D21B430	B78DDC27	000-----
0D21B430	B9ADA8A1	2-------
0D21B430	BD9DEF1E	001-----
0D21B430	BF8C0982	3-------
0D21B430	C04DFE9A	22------
0D21B430	C4117841	11------
0D21B430	C441DFFB	4-------
0D21B430	C67C8B3F	3-------
0D21B430	C8F0052D	22------
0D21B430	C8F1CC79	22------
0D21B430	CB7CD7AE	5-------
0D21B430	CBEACA2A	2222----
0D21B430	CC65FD00	22------
0D21B430	CCE63E51	2-------
0D21B430	CEEB5EC7	33------
0D21B430	CF058F5E	5-------
0D21B430	D1956CCE	2222222-
0D21B430	D50D9ECC	000000--
0D21B430	D5C3C52A	0-------
0D21B430	D5DE8930	000-----
0D21B430	D5DF998C	0-------
0D21B430	D5E6ABA3	4-------
0D21B430	D71A34BD	0-------
0D21B430	D7AE2661	4-------
0D21B430	D7C7868C	0-------
0D21B430	DCBBF007	0-------
0D21B430	DDEFBE48	000-----
0D21B430	E047D324	0-------
0D21B430	E211725B	00000---
0D21B430	E5670E1D	4-------
0D21B430	E6F67AE1	2222----
0D21B430	E7AAF51D	0000----
0D21B430	E7DA1D05	0-------
0D21B430	E7EF72E7	4-------
0D21B430	EA3D79C1	44------
0D21B430	EAB6A975	5-------
0D21B430	EACAE80E	4-------
0D21B430	EAF01CED	0-------
0D21B430	EB2D0C97	0-------
0D21B430	EB9F6055	000-----
0D21B430	F0B4FEB6	4-------
0D21B430	F1BE31E8	3-------
0D21B430	F1E0C7EA	0-------
0D21B430	F3CBC7D8	0-------
0D21B430	F3F54BE0	00------
0D21B430	F6F54013	5-------
0D21B430	F70FFB9E	5-------
0D21B430	F977E904	223-----
0D21B430	FBE00F54	4-------
0D21B430	FECEE06F	0-------
0D21B430	FEF8F9BC	011-----
0D21B430	FF5FCFD4	0-------
0D21B430	FFB74B45	0-------
F0EB77EF	00B7A3DD	22------
F0EB77EF	014EF238	55------
F0EB77EF	01A18BF7	0-------
F0EB77EF	04896D14	00------
F0EB77EF	06946300	555555--
F0EB77EF	0788E6D7	00------
F0EB77EF	09143248	00------
F0EB77EF	0AEF5A61	00------
F0EB77EF	0B1C4AD7	5-------
F0EB77EF	0B9360D3	4-------
F0EB77EF	0BA9D51F	223-----
F0EB77EF	0C953D0A	0-------
F0EB77EF	0CA58DC2	22------
F0EB77EF	0D47910F	22222222
F0EB77EF	0E4DD851	22------
F0EB77EF	0F93236E	1-------
F0EB77EF	1006485D	222-----
F0EB77EF	1012C4E8	0-------
F0EB77EF	10D34368	2222----
F0EB77EF	112D05CB	4-------
F0EB77EF	138619B0	4-------
F0EB77EF	14DBD53F	5-------
F0EB77EF	1541282A	33------
F0EB77EF	15F60DA5	4-------
F0EB77EF	17523167	0-------
F0EB77EF	185D2339	0-------
F0EB77EF	187D5322	22------
F0EB77EF	1B6314E1	4-------
F0EB77EF	1B8429CB	0-------
F0EB77EF	1BC3BE8E	00------
F0EB77EF	1E7721CE	4-------
F0EB77EF	1F48C43A	5-------
F0EB77EF	20EFC2D6	222-----
F0EB77EF	213FDF93	4-------
F0EB77EF	21DD10B8	0-------
F0EB77EF	21E1E848	22------
F0EB77EF	228A88EA	2222----
F0EB77EF	2301BA67	4-------
F0EB77EF	23BF0A5C	0-------
F0EB77EF	26A1A9BB	44------
F0EB77EF	2797F75E	22222222
F0EB77EF	27A70C2F	555-----
F0EB77EF	28BD0326	0-------
F0EB77EF	299AD261	5-------
F0EB77EF	2B00F0DD	5-------
F0EB77EF	2B8B4507	00------
F0EB77EF	2B99994E	11------
F0EB77EF	2D641792	22------
F0EB77EF	2E80D75B	0-------
F0EB77EF	2E9189B1	22------
F0EB77EF	315CAFF8	000-----
F0EB77EF	321C6E05	00------
F0EB77EF	330D186E	22------
F0EB77EF	3328F5C5	223-----
F0EB77EF	35031459	22------
F0EB77EF	36E6993D	00------
F0EB77EF	37639659	33------
F0EB77EF	37D4ADB7	001-----
F0EB77EF	39123F9E	00------
F0EB77EF	3C61C58C	5-------
F0EB77EF	3CAAD804	00------
F0EB77EF	3D19B24A	333-----
F0EB77EF	3F01A65C	33------
F0EB77EF	3F38A74C	0-------
F0EB77EF	4060981E	5-------
F0EB77EF	4080DADB	0-------
F0EB77EF	41D052E0	0-------
F0EB77EF	44A9A7AE	0-------
F0EB77EF	4519A8CE	4-------
F0EB77EF	45213479	5-------
F0EB77EF	4623F1DB	2222----
F0EB77EF	483EFA58	22------
F0EB77EF	4899DA7D	5-------
F0EB77EF	48C1A188	1-------
F0EB77EF	49AB74FD	22------
F0EB77EF	4ADF81CE	1-------
F0EB77EF	4B9DC608	44------
F0EB77EF	4BCC8D65	3-------
F0EB77EF	4D90A6F5	22------
F0EB77EF	4F6F2726	0-------
F0EB77EF	4F9E6DF5	4-------
F0EB77EF	4FEE00FA	00000---
F0EB77EF	5017D198	4-------
F0EB77EF	528C8AD5	0-------
F0EB77EF	528FD47E	3-------
F0EB77EF	530C32F8	001-----
F0EB77EF	54CD3DD1	1-------
F0EB77EF	560AE703	2-------
F0EB77EF	56CC6DC2	22------
F0EB77EF	5711999A	4-------
F0EB77EF	58B6CEE0	0-------
F0EB77EF	597E7A06	0-------
F0EB77EF	59DB6D63	222-----
F0EB77EF	5D3339FB	0-------
F0EB77EF	5E7CBC34	1-------
F0EB77EF	5EDA8F9F	22222223
F0EB77EF	5F08E510	0-------
F0EB77EF	5F785691	5-------
F0EB77EF	60B43545	2-------
F0EB77EF	612D7598	001-----
F0EB77EF	61523313	1-------
F0EB77EF	61E8EC78	0000----
F0EB77EF	631DDA06	33------
F0EB77EF	637C997E	22------
F0EB77EF	6447CBF5	0-------
F0EB77EF	64638C05	011-----
F0EB77EF	66AE1C48	000-----
F0EB77EF	6778530C	0-------
F0EB77EF	69179612	00------
F0EB77EF	6AFB074B	22------
F0EB77EF	6CD6426F	22------
F0EB77EF	6DF3E229	4-------
F0EB77EF	71F2A5CD	44------
F0EB77EF	7255EEAC	1-------
F0EB77EF	740CE8B0	55------
F0EB77EF	747BBC40	000000--
F0EB77EF	75032099	22------
F0EB77EF	7521B03E	00------
F0EB77EF	79BE42CC	3-------
F0EB77EF	7B712595	000000--
F0EB77EF	7D066E7C	0-------
F0EB77EF	7DA73073	1-------
F0EB77EF	7E08B0A7	00------
F0EB77EF	7E83934C	00------
F0EB77EF	7F28689F	222-----
F0EB77EF	7F8F11DC	0-------
F0EB77EF	814E6DC7	1-------
F0EB77EF	81F169D5	5-------
F0EB77EF	82597C70	4-------
F0EB77EF	8417D829	00------
F0EB77EF	86B79357	2-------
F0EB77EF	88B53B80	55------
F0EB77EF	88B5ADDA	22------
F0EB77EF	8A9819DF	00------
F0EB77EF	8B5C3494	000-----
F0EB77EF	8CBD4892	00------
F0EB77EF	8CC1A91A	22------
F0EB77EF	8D5D3A96	2-------
F0EB77EF	8EF570DE	1-------
F0EB77EF	900956D6	5-------
F0EB77EF	9292BA1B	0-------
F0EB77EF	939B9227	5-------
F0EB77EF	946316C4	2-------
F0EB77EF	959F7B3D	0-------
F0EB77EF	95F884CC	4-------
F0EB77EF	969FD36A	0-------
F0EB77EF	972595F6	22------
F0EB77EF	97892849	00------
F0EB77EF	97F063B1	5-------
F0EB77EF	98BA36F3	22------
F0EB77EF	9933E8F4	00------
F0EB77EF	99D75290	5-------
F0EB77EF	9A202149	00------
F0EB77EF	9A787EC3	001-----
F0EB77EF	9B5D63E0	000-----
F0EB77EF	9BBA9063	223-----
F0EB77EF	9C23F75C	1-------
F0EB77EF	9EF08A91	2222----
F0EB77EF	A128619C	0-------
F0EB77EF	A3E5A39E	0-------
F0EB77EF	A3ECAC3D	00------
F0EB77EF	A5E4E8D1	0-------
F0EB77EF	A6B76EF5	22222---
F0EB77EF	A85CA4BE	4-------
F0EB77EF	A929F4F7	0-------
F0EB77EF	A9B9139F	44------
F0EB77EF	A9E32819	3-------
F0EB77EF	A9E4C2EE	0-------
F0EB77EF	AA9323AC	000000--
F0EB77EF	ABC21599	001-----
F0EB77EF	AC2F48EC	5-------
F0EB77EF	AE9A9020	000000--
F0EB77EF	AF432509	4-------
F0EB77EF	B389D646	0-------
F0EB77EF	B43FEC62	4-------
F0EB77EF	B52E5CA6	00------
F0EB77EF	B6F56356	0-------
F0EB77EF	B78DDC27	000-----
F0EB77EF	B9ADA8A1	2-------
F0EB77EF	BB9F276C	000-----
F0EB77EF	BD9DEF1E	001-----
F0EB77EF	BEF20E14	0-------
F0EB77EF	BF8C0982	3-------
F0EB77EF	C04DFE9A	22------
F0EB77EF	C4117841	11------
F0EB77EF	C441DFFB	4-------
F0EB77EF	C67C8B3F	3-------
F0EB77EF	C8F0052D	22------
F0EB77EF	C8F1CC79	22------
F0EB77EF	C9C5E35F	000-----
F0EB77EF	CB7CD7AE	5-------
F0EB77EF	CBEACA2A	2222----
F0EB77EF	CC65FD00	22------
F0EB77EF	CCE63E51	2-------
F0EB77EF	CEEB5EC7	33------
F0EB77EF	CF058F5E	5-------
F0EB77EF	D1956CCE	2222222-
F0EB77EF	D50D9ECC	000000--
F0EB77EF	D510C897	2-------
F0EB77EF	D5C3C52A	0-------
F0EB77EF	D5DF998C	0-------
F0EB77EF	D5E6ABA3	4-------
F0EB77EF	D71A34BD	0-------
F0EB77EF	D7AE2661	4-------
F0EB77EF	D7C7868C	0-------
F0EB77EF	DFD1664D	0-------
F0EB77EF	E1D23CA7	000-----
F0EB77EF	E211725B	00000---
F0EB77EF	E5670E1D	4-------
F0EB77EF	E6F67AE1	2222----
F0EB77EF	E7AAF51D	000-----
F0EB77EF	E7EF72E7	4-------
F0EB77EF	EA3D79C1	44------
F0EB77EF	EAB6A975	5-------
F0EB77EF	EACAE80E	4-------
F0EB77EF	EAF01CED	0-------
F0EB77EF	EB2D0C97	0-------
F0EB77EF	F0B4FEB6	4-------
F0EB77EF	F1BE31E8	3-------
F0EB77EF	F1E0C7EA	0-------
F0EB77EF	F3F54BE0	00------
F0EB77EF	F6F54013	5-------
F0EB77EF	F70FFB9E	5-------
F0EB77EF	F977E904	223-----
F0EB77EF	F9DBBF93	222-----
F0EB77EF	FBE00F54	4-------
F0EB77EF	FECEE06F	0-------
F0EB77EF	FEF8F9BC	011-----
F0EB77EF	FF5FCFD4	0-------
F0EB77EF	FFB74B45	0-------
AA66178A	00B7A3DD	222-----
AA66178A	014EF238	55------
AA66178A	01A18BF7	0-------
AA66178A	04896D14	00------
AA66178A	06946300	555555--
AA66178A	06B2CE6C	222-----
AA66178A	0788E6D7	00------
AA66178A	09143248	00------
AA66178A	0A1FAFBC	000-----
AA66178A	0AEF5A61	00------
AA66178A	0B1C4AD7	5-------
AA66178A	0B9360D3	4-------
AA66178A	0BA9D51F	223-----
AA66178A	0C953D0A	0-------
AA66178A	0CA58DC2	22------
AA66178A	0D47910F	22222222
AA66178A	0E4DD851	22------
AA66178A	0F93236E	1-------
AA66178A	1012C4E8	0-------
AA66178A	10D34368	2222----
AA66178A	112D05CB	4-------
AA66178A	138619B0	4-------
AA66178A	14DBD53F	5-------
AA66178A	1541282A	33------
AA66178A	15F60DA5	4-------
AA66178A	17523167	0-------
AA66178A	17AD010C	00------
AA66178A	185D2339	0-------
AA66178A	187D5322	22------
AA66178A	1B6314E1	4-------
AA66178A	1B8429CB	0-------
AA66178A	1BC3BE8E	00------
AA66178A	1E7721CE	4-------
AA66178A	1F48C43A	5-------
AA66178A	213FDF93	4-------
AA66178A	21DD10B8	0-------
AA66178A	21E1E848	22------
AA66178A	228A88EA	2222----
AA66178A	2301BA67	4-------
AA66178A	23BF0A5C	0-------
AA66178A	26A1A9BB	44------
AA66178A	2797F75E	22222222
AA66178A	27A70C2F	555-----
AA66178A	28BD0326	0-------
AA66178A	2987B0FA	000-----
AA66178A	299AD261	5-------
AA66178A	2B00F0DD	5-------
AA66178A	2B8B4507	00------
AA66178A	2B99994E	11------
AA66178A	2D641792	22------
AA66178A	2E80D75B	0-------
AA66178A	2E9189B1	22------
AA66178A	315CAFF8	0-------
AA66178A	321C6E05	00------
AA66178A	330D186E	22------
AA66178A	3328F5C5	223-----
AA66178A	33949900	000-----
AA66178A	3444ACA9	0-------
AA66178A	35031459	22------
AA66178A	36E6993D	00------
AA66178A	37639659	33------
AA66178A	37D4ADB7	001-----
AA66178A	39123F9E	00------
AA66178A	3C61C58C	5-------
AA66178A	3CAAD804	00------
AA66178A	3D19B24A	333-----
AA66178A	3F01A65C	33------
AA66178A	4060981E	5-------
AA66178A	44A9A7AE	0-------
AA66178A	4519A8CE	4-------
AA66178A	45213479	5-------
AA66178A	4623F1DB	2222----
AA66178A	46CAB87D	0-------
AA66178A	483EFA58	22------
AA66178A	4899DA7D	5-------
AA66178A	48C1A188	1-------
AA66178A	49AB74FD	22------
AA66178A	4ADF81CE	1-------
AA66178A	4B9DC608	44------
AA66178A	4BCC8D65	3-------
AA66178A	4C577C53	000-----
AA66178A	4D90A6F5	22------
AA66178A	4F6F2726	0-------
AA66178A	4F9E6DF5	4-------
AA66178A	4FEE00FA	00000---
AA66178A	5017D198	4-------
AA66178A	528C8AD5	0-------
AA66178A	528FD47E	3-------
AA66178A	530C32F8	001-----
AA66178A	54877AFF	0-------
AA66178A	54CD3DD1	1-------
AA66178A	560AE703	2-------
AA66178A	5711999A	4-------
AA66178A	58B6CEE0	0-------
AA66178A	590959D4	000-----
AA66178A	597E7A06	0-------
AA66178A	59DB6D63	222-----
AA66178A	5D3339FB	0-------
AA66178A	5E7CBC34	1-------
AA66178A	5EDA8F9F	22222223
AA66178A	5F08E510	0-------
AA66178A	5F785691	5-------
AA66178A	612D7598	001-----
AA66178A	61449E46	2-------
AA66178A	61523313	1-------
AA66178A	61E8EC78	0000----
AA66178A	631DDA06	33------
AA66178A	637C997E	22------
AA66178A	6447CBF5	0-------
AA66178A	64638C05	011-----
AA66178A	6778530C	0-------
AA66178A	6AFB074B	22------
AA66178A	6CD6426F	22------
AA66178A	6DF3E229	4-------
AA66178A	71F2A5CD	44------
AA66178A	7255EEAC	1-------
AA66178A	740CE8B0	55------
AA66178A	747BBC40	00000000
AA66178A	7497A743	2-------
AA66178A	75032099	22------
AA66178A	7521B03E	00------
AA66178A	78064E22	000-----
AA66178A	79BE42CC	3-------
AA66178A	7B712595	000000--
AA66178A	7CDE6BE3	0-------
AA66178A	7D066E7C	0-------
AA66178A	7DA73073	1-------
AA66178A	7E08B0A7	00------
AA66178A	7E83934C	00------
AA66178A	7F8F11DC	0-------
AA66178A	814E6DC7	1-------
AA66178A	81F169D5	5-------
AA66178A	82597C70	4-------
AA66178A	8417D829	00------
AA66178A	85B4B160	0-------
AA66178A	860089DC	0-------
AA66178A	88B53B80	55------
AA66178A	88B5ADDA	22------
AA66178A	8A9819DF	00------
AA66178A	8CBD4892	00------
AA66178A	8CC1A91A	22------
AA66178A	8D5D3A96	2-------
AA66178A	8EC0E8D2	2-------
AA66178A	8EF570DE	1-------
AA66178A	900956D6	5-------
AA66178A	92B5FA56	0-------
AA66178A	939B9227	5-------
AA66178A	946316C4	2-------
AA66178A	959F7B3D	0-------
AA66178A	95F884CC	4-------
AA66178A	969FD36A	0-------
AA66178A	972595F6	22------
AA66178A	97892849	00------
AA66178A	97F063B1	5-------
AA66178A	98BA36F3	22------
AA66178A	9933E8F4	00------
AA66178A	99D75290	5-------
AA66178A	9A202149	00------
AA66178A	9A787EC3	001-----
AA66178A	9BBA9063	223-----
AA66178A	9C23F75C	1-------
AA66178A	9EF08A91	2222----
AA66178A	A128619C	00------
AA66178A	A3E5A39E	0-------
AA66178A	A3ECAC3D	00------
AA66178A	A6B76EF5	22222---
AA66178A	A85CA4BE	4-------
AA66178A	A929F4F7	0-------
AA66178A	A9B9139F	44------
AA66178A	A9E32819	3-------
AA66178A	A9E4C2EE	0-------
AA66178A	AA9323AC	000000--
AA66178A	ABC21599	001-----
AA66178A	AC2F48EC	5-------
AA66178A	AE9A9020	00000---
AA66178A	AF432509	4-------
AA66178A	B389D646	0-------
AA66178A	B43FEC62	4-------
AA66178A	B4ABDC52	0-------
AA66178A	B52E5CA6	00------
AA66178A	B6F56356	0-------
AA66178A	B78DDC27	0000----
AA66178A	B9ADA8A1	2-------
AA66178A	BD886758	000-----
AA66178A	BD9DEF1E	001-----
AA66178A	BF8C0982	3-------
AA66178A	C04DFE9A	22------
AA66178A	C4117841	11------
AA66178A	C441DFFB	4-------
AA66178A	C484488B	222-----
AA66178A	C67C8B3F	3-------
AA66178A	C8F0052D	22------
AA66178A	C8F1CC79	22------
AA66178A	C9918577	0-------
AA66178A	CB7CD7AE	5-------
AA66178A	CBEACA2A	2222----
AA66178A	CC65FD00	22------
AA66178A	CCE63E51	2-------
AA66178A	CEEB5EC7	33------
AA66178A	CF058F5E	5-------
AA66178A	D16A359B	000-----
AA66178A	D1956CCE	2222222-
AA66178A	D50D9ECC	000000--
AA66178A	D5C3C52A	0-------
AA66178A	D5DF998C	0-------
AA66178A	D5E6ABA3	4-------
AA66178A	D71A34BD	0-------
AA66178A	D7AE2661	4-------
AA66178A	D7C7868C	0-------
AA66178A	E211725B	00000---
AA66178A	E5670E1D	4-------
AA66178A	E6F67AE1	2222----
AA66178A	E7AAF51D	00------
AA66178A	E7EF72E7	4-------
AA66178A	EA3D79C1	44------
AA66178A	EAB6A975	5-------
AA66178A	EACAE80E	4-------
AA66178A	EAF01CED	0-------
AA66178A	EB2D0C97	0-------
AA66178A	F0B4FEB6	4-------
AA66178A	F1BE31E8	3-------
AA66178A	F1E0C7EA	0-------
AA66178A	F3F54BE0	00------
AA66178A	F6F54013	5-------
AA66178A	F70FFB9E	5-------
AA66178A	F977E904	223-----
AA66178A	FBE00F54	4-------
AA66178A	FECEE06F	0-------
AA66178A	FEF8F9BC	011-----
AA66178A	FF5FCFD4	0-------
AA66178A	FFB74B45	0-------
A3A3CB2F	00B7A3DD	2222----
A3A3CB2F	014EF238	55------
A3A3CB2F	01A18BF7	0-------
A3A3CB2F	04896D14	00------
A3A3CB2F	06946300	555555--
A3A3CB2F	0788E6D7	00------
A3A3CB2F	09143248	00------
A3A3CB2F	099DE922	0-------
A3A3CB2F	0AEF5A61	00------
A3A3CB2F	0B1C4AD7	5-------
A3A3CB2F	0B9360D3	4-------
A3A3CB2F	0BA9D51F	223-----
A3A3CB2F	0C953D0A	0-------
A3A3CB2F	0CA58DC2	22------
A3A3CB2F	0D47910F	22222222
A3A3CB2F	0E4DD851	22------
A3A3CB2F	0F93236E	1-------
A3A3CB2F	1012C4E8	0-------
A3A3CB2F	10D34368	2222----
A3A3CB2F	112D05CB	4-------
A3A3CB2F	12BF8579	2-------
A3A3CB2F	138619B0	4-------
A3A3CB2F	14DBD53F	5-------
A3A3CB2F	1541282A	33------
A3A3CB2F	15F60DA5	4-------
A3A3CB2F	17523167	0-------
A3A3CB2F	185D2339	0-------
A3A3CB2F	187D5322	22------
A3A3CB2F	1B6314E1	4-------
A3A3CB2F	1B8429CB	0-------
A3A3CB2F	1BC3BE8E	00------
A3A3CB2F	1E7721CE	4-------
A3A3CB2F	1F48C43A	5-------
A3A3CB2F	213FDF93	4-------
A3A3CB2F	21DD10B8	0-------
A3A3CB2F	21E1E848	22------
A3A3CB2F	228A88EA	2222----
A3A3CB2F	2301BA67	4-------
A3A3CB2F	239B9DC5	0-------
A3A3CB2F	23BF0A5C	0-------
A3A3CB2F	26A1A9BB	44------
A3A3CB2F	2797F75E	22222222
A3A3CB2F	27A70C2F	555-----
A3A3CB2F	28BD0326	0-------
A3A3CB2F	299AD261	5-------
A3A3CB2F	2B00F0DD	5-------
A3A3CB2F	2B8B4507	00------
A3A3CB2F	2B99994E	11------
A3A3CB2F	2D641792	22------
A3A3CB2F	2E2B0559	0-------
A3A3CB2F	2E80D75B	0-------
A3A3CB2F	2E9189B1	22------
A3A3CB2F	315CAFF8	000-----
A3A3CB2F	321C6E05	00------
A3A3CB2F	32A367FF	000-----
A3A3CB2F	330D186E	22------
A3A3CB2F	3328F5C5	223-----
A3A3CB2F	35031459	22------
A3A3CB2F	36E6993D	00------
A3A3CB2F	37639659	33------
A3A3CB2F	37D4ADB7	001-----
A3A3CB2F	39123F9E	00------
A3A3CB2F	3C61C58C	5-------
A3A3CB2F	3CAAD804	00------
A3A3CB2F	3D19B24A	333-----
A3A3CB2F	3F01A65C	33------
A3A3CB2F	4060981E	5-------
A3A3CB2F	44A9A7AE	0-------
A3A3CB2F	4519A8CE	4-------
A3A3CB2F	45213479	5-------
A3A3CB2F	4623F1DB	222-----
A3A3CB2F	483EFA58	22------
A3A3CB2F	4899DA7D	5-------
A3A3CB2F	48C1A188	1-------
A3A3CB2F	49AB74FD	22------
A3A3CB2F	4ADF81CE	1-------
A3A3CB2F	4B7B9F35	0-------
A3A3CB2F	4B9DC608	44------
A3A3CB2F	4BCC8D65	3-------
A3A3CB2F	4D90A6F5	222-----
A3A3CB2F	4F6F2726	0-------
A3A3CB2F	4F9E6DF5	4-------
A3A3CB2F	4FEE00FA	00000---
A3A3CB2F	5017D198	4-------
A3A3CB2F	528C8AD5	0-------
A3A3CB2F	528FD47E	3-------
A3A3CB2F	530C32F8	001-----
A3A3CB2F	54100C4B	000-----
A3A3CB2F	54CD3DD1	1-------
A3A3CB2F	55EF2B70	000-----
A3A3CB2F	560AE703	2-------
A3A3CB2F	5711999A	4-------
A3A3CB2F	58B6CEE0	0-------
A3A3CB2F	597E7A06	0-------
A3A3CB2F	59DB6D63	222-----
A3A3CB2F	5D3339FB	0-------
A3A3CB2F	5E7CBC34	1-------
A3A3CB2F	5EDA8F9F	22222223
A3A3CB2F	5F08E510	0-------
A3A3CB2F	5F54EE53	222-----
A3A3CB2F	5F785691	5-------
A3A3CB2F	612D7598	001-----
A3A3CB2F	61523313	1-------
A3A3CB2F	61E8EC78	0000----
A3A3CB2F	631DDA06	33------
A3A3CB2F	637C997E	22------
A3A3CB2F	6447CBF5	0-------
A3A3CB2F	64638C05	011-----
A3A3CB2F	6699595C	000-----
A3A3CB2F	6778530C	0-------
A3A3CB2F	69179612	0-------
A3A3CB2F	6AFB074B	22------
A3A3CB2F	6B5977E8	0-------
A3A3CB2F	6CD6426F	22------
A3A3CB2F	6DF3E229	4-------
A3A3CB2F	71F2A5CD	44------
A3A3CB2F	7255EEAC	1-------
A3A3CB2F	740CE8B0	55------
A3A3CB2F	747BBC40	00000000
A3A3CB2F	75032099	22------
A3A3CB2F	7521B03E	00------
A3A3CB2F	79BE42CC	3-------
A3A3CB2F	7B712595	000000--
A3A3CB2F	7D066E7C	0-------
A3A3CB2F	7DA73073	1-------
A3A3CB2F	7E08B0A7	00------
A3A3CB2F	7E83934C	00------
A3A3CB2F	7F8F11DC	0-------
A3A3CB2F	814E6DC7	1-------
A3A3CB2F	81F169D5	5-------
A3A3CB2F	82597C70	4-------
A3A3CB2F	8417D829	00------
A3A3CB2F	860089DC	0-------
A3A3CB2F	88B53B80	55------
A3A3CB2F	88B5ADDA	22------
A3A3CB2F	8A5F7F56	2-------
A3A3CB2F	8A9819DF	00------
A3A3CB2F	8CBD4892	00------
A3A3CB2F	8CC1A91A	22------
A3A3CB2F	8D5D3A96	2-------
A3A3CB2F	8E113175	222-----
A3A3CB2F	8E7B3E3E	000-----
A3A3CB2F	8EF570DE	1-------
A3A3CB2F	8F3F3D21	2-------
A3A3CB2F	900956D6	5-------
A3A3CB2F	939B9227	5-------
A3A3CB2F	946316C4	2-------
A3A3CB2F	959F7B3D	0-------
A3A3CB2F	95F884CC	4-------
A3A3CB2F	969FD36A	0-------
A3A3CB2F	972595F6	22------
A3A3CB2F	97892849	00------
A3A3CB2F	97F063B1	5-------
A3A3CB2F	98BA36F3	22------
A3A3CB2F	9933E8F4	00------
A3A3CB2F	99D75290	5-------
A3A3CB2F	9A202149	00------
A3A3CB2F	9A787EC3	001-----
A3A3CB2F	9B2C7549	0-------
A3A3CB2F	9BBA9063	223-----
A3A3CB2F	9C23F75C	1-------
A3A3CB2F	9EF08A91	2222----
A3A3CB2F	A3E5A39E	0-------
A3A3CB2F	A3ECAC3D	00------
A3A3CB2F	A6B76EF5	22222---
A3A3CB2F	A79FB8E9	0-------
A3A3CB2F	A85CA4BE	4-------
A3A3CB2F	A929F4F7	0-------
A3A3CB2F	A9B9139F	44------
A3A3CB2F	A9E32819	3-------
A3A3CB2F	A9E4C2EE	0-------
A3A3CB2F	AA9323AC	000000--
A3A3CB2F	ABC21599	001-----
A3A3CB2F	AC2F48EC	5-------
A3A3CB2F	AE9A9020	0000----
A3A3CB2F	AF432509	4-------
A3A3CB2F	B389D646	0-------
A3A3CB2F	B43FEC62	4-------
A3A3CB2F	B52E5CA6	00------
A3A3CB2F	B6F56356	0-------
A3A3CB2F	B78DDC27	00000---
A3A3CB2F	B9ADA8A1	2-------
A3A3CB2F	BD9DEF1E	001-----
A3A3CB2F	BF8C0982	3-------
A3A3CB2F	C04DFE9A	22------
A3A3CB2F	C2F6B928	000-----
A3A3CB2F	C4117841	11------
A3A3CB2F	C441DFFB	4-------
A3A3CB2F	C67C8B3F	3-------
A3A3CB2F	C8F0052D	22------
A3A3CB2F	C8F1CC79	22------
A3A3CB2F	CB7CD7AE	5-------
A3A3CB2F	CBEACA2A	2222----
A3A3CB2F	CC65FD00	22------
A3A3CB2F	CCE63E51	2-------
A3A3CB2F	CEEB5EC7	33------
A3A3CB2F	CF058F5E	5-------
A3A3CB2F	D1956CCE	2222222-
A3A3CB2F	D50D9ECC	000000--
A3A3CB2F	D5C3C52A	0-------
A3A3CB2F	D5DF998C	0-------
A3A3CB2F	D5E6ABA3	4-------
A3A3CB2F	D71A34BD	0-------
A3A3CB2F	D7AE2661	4-------
A3A3CB2F	D7C7868C	0-------
A3A3CB2F	E211725B	00000---
A3A3CB2F	E5670E1D	4-------
A3A3CB2F	E6F67AE1	2222----
A3A3CB2F	E7AAF51D	000-----
A3A3CB2F	E7EF72E7	4-------
A3A3CB2F	EA3D79C1	44------
A3A3CB2F	EAB6A975	5-------
A3A3CB2F	EACAE80E	4-------
A3A3CB2F	EAF01CED	0-------
A3A3CB2F	EB2D0C97	0-------
A3A3CB2F	F0B4FEB6	4-------
A3A3CB2F	F1BE31E8	3-------
A3A3CB2F	F1E0C7EA	0-------
A3A3CB2F	F34CBE1A	000-----
A3A3CB2F	F3F54BE0	00------
A3A3CB2F	F6F54013	5-------
A3A3CB2F	F70FFB9E	5-------
A3A3CB2F	F89FEE5B	222-----
A3A3CB2F	F977E904	223-----
A3A3CB2F	FBE00F54	4-------
A3A3CB2F	FECEE06F	0-------
A3A3CB2F	FEF8F9BC	011-----
A3A3CB2F	FF5FCFD4	0-------
A3A3CB2F	FFB74B45	0-------
718E1A14	01A18BF7	0-------
718E1A14	04896D14	00------
718E1A14	09143248	00------
718E1A14	0AEF5A61	0-------
718E1A14	0B9360D3	4-------
718E1A14	0BA9D51F	223-----
718E1A14	0C953D0A	0-------
718E1A14	0CA58DC2	22------
718E1A14	0D47910F	2222222-
718E1A14	0E4DD851	22------
718E1A14	0F93236E	1-------
718E1A14	1012C4E8	0-------
718E1A14	10D34368	2222----
718E1A14	138619B0	4-------
718E1A14	1541282A	33------
718E1A14	17523167	0-------
718E1A14	185D2339	0-------
718E1A14	187D5322	22------
718E1A14	18F30D00	0-------
718E1A14	1BC3BE8E	00------
718E1A14	1F48C43A	5-------
718E1A14	1F5D4D03	222-----
718E1A14	213FDF93	4-------
718E1A14	21DD10B8	00------
718E1A14	21E1E848	22------
718E1A14	228A88EA	2222----
718E1A14	2301BA67	4-------
718E1A14	23BF0A5C	0-------
718E1A14	26A1A9BB	44------
718E1A14	2797F75E	22222222
718E1A14	28BD0326	00------
718E1A14	2B99994E	11------
718E1A14	2D13448F	000-----
718E1A14	2D641792	22------
718E1A14	2E80D75B	0-------
718E1A14	2E9189B1	22------
718E1A14	315CAFF8	000-----
718E1A14	321C6E05	0-------
718E1A14	330D186E	22------
718E1A14	3328F5C5	223-----
718E1A14	338DB69C	0-------
718E1A14	33F9513A	2-------
718E1A14	35031459	22------
718E1A14	36E6993D	00------
718E1A14	372A32E2	0-------
718E1A14	37639659	33------
718E1A14	37D4ADB7	001-----
718E1A14	384625D1	0-------
718E1A14	3D19B24A	333-----
718E1A14	3D1B696E	222-----
718E1A14	3D2FC54E	5-------
718E1A14	3E197BA4	000-----
718E1A14	3F01A65C	33------
718E1A14	3F60EAC0	0-------
718E1A14	4060981E	5-------
718E1A14	44A9A7AE	0-------
718E1A14	4519A8CE	4-------
718E1A14	45213479	5-------
718E1A14	4623F1DB	2-------
718E1A14	46D72123	2-------
718E1A14	483EFA58	22------
718E1A14	48C1A188	1-------
718E1A14	49AB74FD	22------
718E1A14	4ADF81CE	001-----
718E1A14	4B9DC608	44------
718E1A14	4BCC8D65	3-------
718E1A14	4D90A6F5	222-----
718E1A14	4F6F2726	0-------
718E1A14	4FEE00FA	00000---
718E1A14	5017D198	4-------
718E1A14	51289472	0-------
718E1A14	528C8AD5	0-------
718E1A14	528FD47E	3-------
718E1A14	530C32F8	001-----
718E1A14	54CD3DD1	1-------
718E1A14	560AE703	22------
718E1A14	56CC6DC2	22------
718E1A14	5711999A	4-------
718E1A14	597E7A06	00------
718E1A14	59DB6D63	22------
718E1A14	59EC962E	4-------
718E1A14	5BC98FC8	000-----
718E1A14	5D3339FB	0-------
718E1A14	5E7CBC34	1-------
718E1A14	5EDA8F9F	22222223
718E1A14	5F08E510	0-------
718E1A14	612D7598	001-----
718E1A14	61523313	1-------
718E1A14	61E8EC78	0000----
718E1A14	6226DE4F	5-------
718E1A14	6316AAAE	0-------
718E1A14	631DDA06	33------
718E1A14	637C997E	22------
718E1A14	6447CBF5	0-------
718E1A14	64638C05	011-----
718E1A14	6778530C	0-------
718E1A14	68180A9A	000-----
718E1A14	6AFB074B	22------
718E1A14	6CD6426F	22------
718E1A14	6DF3E229	4-------
718E1A14	71F2A5CD	44------
718E1A14	7255EEAC	1-------
718E1A14	740CE8B0	5-555---
718E1A14	747BBC40	00000000
718E1A14	75032099	22------
718E1A14	7521B03E	00------
718E1A14	79BE42CC	3-------
718E1A14	7B712595	0000----
718E1A14	7CED146B	0-------
718E1A14	7D066E7C	0-------
718E1A14	7D118BBA	2-------
718E1A14	7DA73073	1-------
718E1A14	7E08B0A7	00------
718E1A14	7E83934C	00------
718E1A14	814E6DC7	1-------
718E1A14	82597C70	4-------
718E1A14	8417D829	0-------
718E1A14	8586D8C9	0-------
718E1A14	860089DC	00------
718E1A14	88B53B80	5-55----
718E1A14	88B5ADDA	22------
718E1A14	8A9819DF	00------
718E1A14	8C2F27D2	000-----
718E1A14	8CBD4892	00------
718E1A14	8CC1A91A	22------
718E1A14	8D1CF066	00------
718E1A14	8D289C6E	000-----
718E1A14	8D5D3A96	2-------
718E1A14	8E9DD510	00------
718E1A14	8EF570DE	1-------
718E1A14	9361427C	0-------
718E1A14	939B9227	5-------
718E1A14	959F7B3D	0-------
718E1A14	95F884CC	4-------
718E1A14	969FD36A	0-------
718E1A14	96ABB8D2	00------
718E1A14	972595F6	22------
718E1A14	97892849	00------
718E1A14	97F063B1	5-------
718E1A14	98BA36F3	22------
718E1A14	9933E8F4	00------
718E1A14	9A202149	00------
718E1A14	9A787EC3	001-----
718E1A14	9B806C5E	0-------
718E1A14	9BBA9063	223-----
718E1A14	9C23F75C	1-------
718E1A14	9EF08A91	2222----
718E1A14	A128619C	00------
718E1A14	A20A5EDA	5-------
718E1A14	A3ECAC3D	000-----
718E1A14	A6B76EF5	22222---
718E1A14	A8C611F4	222-----
718E1A14	A9B9139F	44------
718E1A14	A9E32819	3-------
718E1A14	A9E4C2EE	0-------
718E1A14	AA9323AC	000000--
718E1A14	ABC21599	001-----
718E1A14	ABD80ECC	00------
718E1A14	AC2F48EC	5-------
718E1A14	AE9A9020	000-----
718E1A14	B0213F16	-5------
718E1A14	B2C13842	000-----
718E1A14	B389D646	00------
718E1A14	B43FEC62	4-------
718E1A14	B52E5CA6	00------
718E1A14	B67CAA91	5-------
718E1A14	B6F56356	00------
718E1A14	B78DDC27	000-----
718E1A14	B7E5C8E0	0-------
718E1A14	B96BF46A	22------
718E1A14	B9ADA8A1	2-------
718E1A14	BB9753D9	00------
718E1A14	BD9DEF1E	001-----
718E1A14	BF8C0982	3-------
718E1A14	C04DFE9A	22------
718E1A14	C4117841	11------
718E1A14	C441DFFB	4-------
718E1A14	C67C8B3F	3-------
718E1A14	C8F0052D	22------
718E1A14	C8F1CC79	22------
718E1A14	CB7CD7AE	5-------
718E1A14	CBEACA2A	2222222-
718E1A14	CC65FD00	22------
718E1A14	CCE63E51	2-------
718E1A14	CDD18DE3	5-------
718E1A14	CEEB5EC7	33------
718E1A14	CF058F5E	5-------
718E1A14	D0F552F0	000-----
718E1A14	D1956CCE	22222---
718E1A14	D50D9ECC	000000--
718E1A14	D52506C8	-5------
718E1A14	D5C3C52A	0-------
718E1A14	D5DF998C	0-------
718E1A14	D71A34BD	0-------
718E1A14	D7AE2661	4-------
718E1A14	D7C7868C	0-------
718E1A14	D9B4817D	0-------
718E1A14	DB69383B	00------
718E1A14	DD0B0A85	0-------
718E1A14	E211725B	00000---
718E1A14	E21CF6A7	0-------
718E1A14	E33485C7	0-------
718E1A14	E6F67AE1	2222----
718E1A14	E7AAF51D	0000----
718E1A14	EA3D79C1	4-------
718E1A14	EACAE80E	4-------
718E1A14	EAF01CED	0-------
718E1A14	EB2D0C97	0-------
718E1A14	F1BE31E8	3-------
718E1A14	F1FAA43F	5-------
718E1A14	F977E904	223-----
718E1A14	FC0F7EF5	000-----
718E1A14	FECB97CC	5-------
718E1A14	FECEE06F	0-------
718E1A14	FEF8F9BC	011-----
718E1A14	FF5FCFD4	0-------
718E1A14	FFB74B45	00------
296471BE	0126791D	0-------
296471BE	01A18BF7	0-------
296471BE	04896D14	00------
296471BE	082E31B1	0-------
296471BE	09143248	00------
296471BE	09194F04	0-------
296471BE	0AEF5A61	0-------
296471BE	0B9360D3	4-------
296471BE	0BA9D51F	223-----
296471BE	0C953D0A	0-------
296471BE	0CA58DC2	22------
296471BE	0D47910F	22222222
296471BE	0DE0D1E2	000-----
296471BE	0E4DD851	22------
296471BE	0F93236E	1-------
296471BE	10D34368	2222----
296471BE	138619B0	4-------
296471BE	1541282A	33------
296471BE	17523167	0-------
296471BE	185D2339	00------
296471BE	187D5322	22------
296471BE	18F30D00	0-------
296471BE	1BC3BE8E	00------
296471BE	1F48C43A	5-------
296471BE	213FDF93	4-------
296471BE	21DD10B8	00------
296471BE	21E1E848	22------
296471BE	228A88EA	2222----
296471BE	2301BA67	4-------
296471BE	2340009B	000-----
296471BE	23BF0A5C	0-------
296471BE	26A1A9BB	44------
296471BE	2797F75E	22222222
296471BE	28BD0326	00------
296471BE	2B99994E	11------
296471BE	2BA4C25E	000-----
296471BE	2D13448F	000-----
296471BE	2D641792	22------
296471BE	2E7FEEC8	22------
296471BE	2E80D75B	0-------
296471BE	2E9189B1	22------
296471BE	2F6983D6	0-------
296471BE	315CAFF8	0-------
296471BE	321C6E05	0-------
296471BE	330D186E	22------
296471BE	3328F5C5	223-----
296471BE	338DB69C	0-------
296471BE	35031459	22------
296471BE	36E6993D	00------
296471BE	37639659	33------
296471BE	37D4ADB7	001-----
296471BE	384625D1	0-------
296471BE	39747FEA	0-------
296471BE	3A7F1E2B	222-----
296471BE	3D19B24A	333-----
296471BE	3D2FC54E	5-------
296471BE	3F01A65C	33------
296471BE	3F60EAC0	0-------
296471BE	404FC7C2	2-------
296471BE	4060981E	5-------
296471BE	44A9A7AE	0-------
296471BE	4519A8CE	4-------
296471BE	45213479	5-------
296471BE	4623F1DB	222222--
296471BE	483EFA58	22------
296471BE	48C1A188	1-------
296471BE	49AB74FD	22------
296471BE	4ADF81CE	001-----
296471BE	4B9DC608	44------
296471BE	4BCC8D65	3-------
296471BE	4D90A6F5	2-------
296471BE	4F6F2726	0-------
296471BE	4FEE00FA	00000---
296471BE	5017D198	4-------
296471BE	528C8AD5	0-------
296471BE	528FD47E	3-------
296471BE	530C32F8	001-----
296471BE	54CD3DD1	1-------
296471BE	560AE703	2-------
296471BE	5711999A	4-------
296471BE	597E7A06	00------
296471BE	59DB6D63	2-------
296471BE	59EC962E	4-------
296471BE	5D3339FB	0-------
296471BE	5E7CBC34	1-------
296471BE	5EDA8F9F	22222223
296471BE	5F08E510	0-------
296471BE	612D7598	001-----
296471BE	61523313	1-------
296471BE	6226DE4F	5-------
296471BE	631DDA06	33------
296471BE	637C997E	22------
296471BE	6447CBF5	0-------
296471BE	64638C05	011-----
296471BE	64EAA28D	222-----
296471BE	6778530C	0-------
296471BE	69C5EECE	000-----
296471BE	6AFB074B	22------
296471BE	6CD6426F	22------
296471BE	6DF3E229	4-------
296471BE	71F2A5CD	44------
296471BE	7255EEAC	1-------
296471BE	73EB7B44	0-------
296471BE	740CE8B0	5-555---
296471BE	747BBC40	00000000
296471BE	75032099	22------
296471BE	7521B03E	00------
296471BE	7573A140	000-----
296471BE	79BE42CC	3-------
296471BE	7B712595	0000----
296471BE	7CED146B	0-------
296471BE	7D066E7C	0-------
296471BE	7DA73073	1-------
296471BE	7E08B0A7	00------
296471BE	7E83934C	00------
296471BE	814E6DC7	1-------
296471BE	82597C70	4-------
296471BE	8417D829	0-------
296471BE	88B53B80	5-55----
296471BE	88B5ADDA	22------
296471BE	88F81A24	000-----
296471BE	8A9819DF	00------
296471BE	8CBD4892	00------
296471BE	8CC1A91A	22------
296471BE	8D1CF066	00------
296471BE	8D5D3A96	2-------
296471BE	8E9DD510	00------
296471BE	8EF570DE	1-------
296471BE	9361427C	0-------
296471BE	939B9227	5-------
296471BE	946316C4	22------
296471BE	959F7B3D	0-------
296471BE	95F884CC	4-------
296471BE	969FD36A	0-------
296471BE	96ABB8D2	00------
296471BE	972595F6	22------
296471BE	97892849	00------
296471BE	97F063B1	5-------
296471BE	981A3FF8	0-------
296471BE	98BA36F3	22------
296471BE	98FD9A3D	000-----
296471BE	9933E8F4	00------
296471BE	9A202149	00------
296471BE	9A787EC3	001-----
296471BE	9B806C5E	0-------
296471BE	9BBA9063	223-----
296471BE	9C23F75C	1-------
296471BE	9EF08A91	2222----
296471BE	A128619C	00------
296471BE	A20A5EDA	5-------
296471BE	A3ECAC3D	000-----
296471BE	A6B76EF5	22222---
296471BE	A9B9139F	44------
296471BE	A9E32819	3-------
296471BE	A9E4C2EE	0-------
296471BE	AA9323AC	000000--
296471BE	ABC21599	001-----
296471BE	ABD80ECC	00------
296471BE	AC2F48EC	5-------
296471BE	AE9A9020	000-----
296471BE	B0213F16	-5------
296471BE	B389D646	0-------
296471BE	B43FEC62	4-------
296471BE	B52E5CA6	00------
296471BE	B67CAA91	5-------
296471BE	B6F56356	0-------
296471BE	B78DDC27	000-----
296471BE	B7E5C8E0	0-------
296471BE	B96BF46A	22------
296471BE	B9ADA8A1	2-------
296471BE	BB9753D9	00------
296471BE	BB99679E	2-------
296471BE	BD9DEF1E	001-----
296471BE	BF8C0982	3-------
296471BE	C04DFE9A	22------
296471BE	C4117841	11------
296471BE	C441DFFB	4-------
296471BE	C67C8B3F	3-------
296471BE	C8F0052D	22------
296471BE	C8F1CC79	22------
296471BE	CB7CD7AE	5-------
296471BE	CBEACA2A	22222---
296471BE	CC65FD00	22------
296471BE	CCE63E51	2-------
296471BE	CDD18DE3	5-------
296471BE	CEEB5EC7	33------
296471BE	CF058F5E	5-------
296471BE	D1956CCE	2222222-
296471BE	D50D9ECC	000000--
296471BE	D52506C8	-5------
296471BE	D5C3C52A	0-------
296471BE	D5DF998C	0-------
296471BE	D71A34BD	0-------
296471BE	D7AE2661	4-------
296471BE	D7C7868C	0-------
296471BE	DB69383B	00------
296471BE	DD0B0A85	0-------
296471BE	E211725B	00000---
296471BE	E6F67AE1	2222----
296471BE	E7AAF51D	0000----
296471BE	E900F5A6	000-----
296471BE	EA3D79C1	4-------
296471BE	EACAE80E	4-------
296471BE	EAF01CED	0000----
296471BE	EB2D0C97	0-------
296471BE	ECEEFD8D	2-------
296471BE	F1BE31E8	3-------
296471BE	F1FAA43F	5-------
296471BE	F3F54BE0	00------
296471BE	F7EC1274	0-------
296471BE	F977E904	223-----
296471BE	F9AC8596	000-----
296471BE	FECB97CC	5-------
296471BE	FECEE06F	0-------
296471BE	FEF8F9BC	011-----
296471BE	FF5FCFD4	0-------
296471BE	FFB74B45	00------
BAD16E3B	01A18BF7	0-------
BAD16E3B	04896D14	00------
BAD16E3B	09143248	00------
BAD16E3B	0AEF5A61	0-------
BAD16E3B	0B08264D	22------
BAD16E3B	0B9360D3	4-------
BAD16E3B	0BA9D51F	223-----
BAD16E3B	0C953D0A	0-------
BAD16E3B	0CA58DC2	22------
BAD16E3B	0D47910F	22222222
BAD16E3B	0E4DD851	22------
BAD16E3B	0F93236E	1-------
BAD16E3B	10D34368	2222----
BAD16E3B	138619B0	4-------
BAD16E3B	149D1C92	0-------
BAD16E3B	1541282A	33------
BAD16E3B	17523167	0-------
BAD16E3B	185D2339	00------
BAD16E3B	186C284F	2-------
BAD16E3B	187D5322	22------
BAD16E3B	18F30D00	0-------
BAD16E3B	1BC3BE8E	00------
BAD16E3B	1F48C43A	5-------
BAD16E3B	2061E77D	000-----
BAD16E3B	213FDF93	4-------
BAD16E3B	21DD10B8	00------
BAD16E3B	21E1E848	22------
BAD16E3B	228A88EA	22222---
BAD16E3B	2301BA67	4-------
BAD16E3B	23BF0A5C	0-------
BAD16E3B	26A1A9BB	44------
BAD16E3B	2797F75E	22222222
BAD16E3B	28BD0326	00------
BAD16E3B	292F0955	000-----
BAD16E3B	2B99994E	11------
BAD16E3B	2D13448F	000-----
BAD16E3B	2D641792	22------
BAD16E3B	2E7FEEC8	22------
BAD16E3B	2E80D75B	0-------
BAD16E3B	2E9189B1	22------
BAD16E3B	315CAFF8	00------
BAD16E3B	321C6E05	0-------
BAD16E3B	330D186E	22------
BAD16E3B	3328F5C5	223-----
BAD16E3B	338DB69C	0-------
BAD16E3B	35031459	22------
BAD16E3B	36E6993D	00------
BAD16E3B	37639659	33------
BAD16E3B	37D4ADB7	001-----
BAD16E3B	384625D1	0-------
BAD16E3B	3D19B24A	333-----
BAD16E3B	3D2FC54E	5-------
BAD16E3B	3EA5C62C	000-----
BAD16E3B	3F01A65C	33------
BAD16E3B	3F60EAC0	0-------
BAD16E3B	4060981E	5-------
BAD16E3B	442299AE	000-----
BAD16E3B	44A9A7AE	0-------
BAD16E3B	4519A8CE	4-------
BAD16E3B	45213479	5-------
BAD16E3B	4623F1DB	22222---
BAD16E3B	4769AB35	0-------
BAD16E3B	483EFA58	22------
BAD16E3B	48C1A188	1-------
BAD16E3B	48F91FAB	0-------
BAD16E3B	49AB74FD	22------
BAD16E3B	4ADF81CE	001-----
BAD16E3B	4B9DC608	44------
BAD16E3B	4BCC8D65	3-------
BAD16E3B	4D90A6F5	2-------
BAD16E3B	4F6F2726	0-------
BAD16E3B	4FEE00FA	00000---
BAD16E3B	5017D198	4-------
BAD16E3B	528C8AD5	0-------
BAD16E3B	528FD47E	3-------
BAD16E3B	530C32F8	001-----
BAD16E3B	53E7E2C3	0-------
BAD16E3B	54CD3DD1	1-------
BAD16E3B	5711999A	4-------
BAD16E3B	597E7A06	00------
BAD16E3B	59EC962E	4-------
BAD16E3B	5D3339FB	0-------
BAD16E3B	5E74C45F	222-----
BAD16E3B	5E7CBC34	1-------
BAD16E3B	5EDA8F9F	22222223
BAD16E3B	5F08E510	0-------
BAD16E3B	612D7598	001-----
BAD16E3B	61523313	1-------
BAD16E3B	61E8EC78	0-------
BAD16E3B	6226DE4F	5-------
BAD16E3B	631DDA06	33------
BAD16E3B	637C997E	22------
BAD16E3B	6447CBF5	0-------
BAD16E3B	64638C05	011-----
BAD16E3B	64DF38E8	0-------
BAD16E3B	6778530C	0-------
BAD16E3B	6AFB074B	22------
BAD16E3B	6CD6426F	22------
BAD16E3B	6DF3E229	4-------
BAD16E3B	71F2A5CD	44------
BAD16E3B	7255EEAC	1-------
BAD16E3B	740CE8B0	5-555---
BAD16E3B	747BBC40	000000--
BAD16E3B	75032099	22------
BAD16E3B	7521B03E	00------
BAD16E3B	76D5E7D3	222-----
BAD16E3B	79BE42CC	3-------
BAD16E3B	7B712595	0000----
BAD16E3B	7CED146B	0-------
BAD16E3B	7D066E7C	0-------
BAD16E3B	7DA73073	1-------
BAD16E3B	7E08B0A7	00------
BAD16E3B	7E83934C	00------
BAD16E3B	814E6DC7	1-------
BAD16E3B	82597C70	4-------
BAD16E3B	8417D829	0-------
BAD16E3B	88B53B80	5-55----
BAD16E3B	88B5ADDA	22------
BAD16E3B	8A9819DF	00------
BAD16E3B	8CBD4892	00------
BAD16E3B	8CC1A91A	22------
BAD16E3B	8CE5D2D0	000-----
BAD16E3B	8D1CF066	00------
BAD16E3B	8D5D3A96	2-------
BAD16E3B	8E5BCBDD	0-------
BAD16E3B	8E9DD510	00------
BAD16E3B	8EF570DE	1-------
BAD16E3B	9361427C	0-------
BAD16E3B	939B9227	5-------
BAD16E3B	959F7B3D	0-------
BAD16E3B	95F884CC	4-------
BAD16E3B	969FD36A	0-------
BAD16E3B	972595F6	22------
BAD16E3B	97892849	00------
BAD16E3B	97F063B1	5-------
BAD16E3B	98BA36F3	22------
BAD16E3B	9933E8F4	00------
BAD16E3B	9A202149	00------
BAD16E3B	9A787EC3	001-----
BAD16E3B	9B806C5E	0-------
BAD16E3B	9BBA9063	223-----
BAD16E3B	9C23F75C	1-------
BAD16E3B	9EF08A91	2222----
BAD16E3B	A128619C	00------
BAD16E3B	A20A5EDA	5-------
BAD16E3B	A3ECAC3D	000-----
BAD16E3B	A6B76EF5	22222---
BAD16E3B	A8C611F4	2-------
BAD16E3B	A9B9139F	44------
BAD16E3B	A9E32819	3-------
BAD16E3B	A9E4C2EE	0-------
BAD16E3B	AA9323AC	000000--
BAD16E3B	ABC21599	001-----
BAD16E3B	ABD80ECC	00------
BAD16E3B	AC2F48EC	5-------
BAD16E3B	AE9A9020	000-----
BAD16E3B	B0213F16	-5------
BAD16E3B	B389D646	0-------
BAD16E3B	B43FEC62	4-------
BAD16E3B	B52E5CA6	00------
BAD16E3B	B67CAA91	5-------
BAD16E3B	B6F56356	0-------
BAD16E3B	B78DDC27	000-----
BAD16E3B	B7E5C8E0	0-------
BAD16E3B	B96BF46A	222-----
BAD16E3B	B9ADA8A1	2-------
BAD16E3B	BA93B6D6	0-------
BAD16E3B	BB9753D9	00------
BAD16E3B	BB99679E	2-------
BAD16E3B	BD9DEF1E	001-----
BAD16E3B	BE55DEA6	0-------
BAD16E3B	BF8C0982	3-------
BAD16E3B	C04DFE9A	22------
BAD16E3B	C1854DC6	2-------
BAD16E3B	C4117841	11------
BAD16E3B	C41E5A3F	000-----
BAD16E3B	C441DFFB	4-------
BAD16E3B	C67C8B3F	3-------
BAD16E3B	C8F0052D	22------
BAD16E3B	C8F1CC79	22------
BAD16E3B	CB0017CE	0-------
BAD16E3B	CB7CD7AE	5-------
BAD16E3B	CBD30A2D	000-----
BAD16E3B	CBEACA2A	2222222-
BAD16E3B	CC65FD00	22------
BAD16E3B	CCE63E51	2-------
BAD16E3B	CDD18DE3	5-------
BAD16E3B	CEEB5EC7	33------
BAD16E3B	CF058F5E	5-------
BAD16E3B	D1956CCE	2222----
BAD16E3B	D3895D6B	0-------
BAD16E3B	D50D9ECC	000000--
BAD16E3B	D52506C8	-5------
BAD16E3B	D5C3C52A	0-------
BAD16E3B	D5DF998C	0-------
BAD16E3B	D71A34BD	0-------
BAD16E3B	D7AE2661	4-------
BAD16E3B	D7C7868C	0-------
BAD16E3B	DB69383B	0-------
BAD16E3B	DD0B0A85	0-------
BAD16E3B	E211725B	00000---
BAD16E3B	E6F67AE1	2222----
BAD16E3B	E7AAF51D	0000----
BAD16E3B	E9899D0E	0-------
BAD16E3B	EA3D79C1	4-------
BAD16E3B	EACAE80E	4-------
BAD16E3B	EAF01CED	00000---
BAD16E3B	EB2D0C97	0-------
BAD16E3B	F1BE31E8	3-------
BAD16E3B	F1FAA43F	5-------
BAD16E3B	F38A2E7A	000-----
BAD16E3B	F3F54BE0	00------
BAD16E3B	F977E904	223-----
BAD16E3B	F9AC8596	0-------
BAD16E3B	FCDF7EFE	0-------
BAD16E3B	FECB97CC	5-------
BAD16E3B	FECEE06F	0-------
BAD16E3B	FEF8F9BC	011-----
BAD16E3B	FF5FCFD4	0-------
BAD16E3B	FFB74B45	00------
1BB37EF0	0008E3DA	0-------
1BB37EF0	01A18BF7	0-------
1BB37EF0	04896D14	00------
1BB37EF0	09143248	00------
1BB37EF0	0AEF5A61	0-------
1BB37EF0	0B9360D3	4-------
1BB37EF0	0BA9D51F	223-----
1BB37EF0	0C953D0A	0-------
1BB37EF0	0CA58DC2	22------
1BB37EF0	0D47910F	22222---
1BB37EF0	0E4DD851	22------
1BB37EF0	0F93236E	1-------
1BB37EF0	10B44AFA	0-------
1BB37EF0	10D34368	2222----
1BB37EF0	138619B0	4-------
1BB37EF0	1541282A	33------
1BB37EF0	17523167	0-------
1BB37EF0	185D2339	00------
1BB37EF0	187D5322	22------
1BB37EF0	18F30D00	0-------
1BB37EF0	1BC3BE8E	00------
1BB37EF0	1F48C43A	5-------
1BB37EF0	213FDF93	4-------
1BB37EF0	21DD10B8	00------
1BB37EF0	21E1E848	22------
1BB37EF0	228A88EA	2222----
1BB37EF0	2301BA67	4-------
1BB37EF0	23BF0A5C	0-------
1BB37EF0	26A1A9BB	44------
1BB37EF0	2797F75E	22222222
1BB37EF0	2816FF30	0-------
1BB37EF0	28BD0326	00------
1BB37EF0	2A5B1EEC	00------
1BB37EF0	2B8AF8AC	222-----
1BB37EF0	2B99994E	11------
1BB37EF0	2BD86189	000-----
1BB37EF0	2CC7DE91	222-----
1BB37EF0	2D641792	22------
1BB37EF0	2E7FEEC8	222-----
1BB37EF0	2E80D75B	0-------
1BB37EF0	2E9189B1	22------
1BB37EF0	315CAFF8	00------
1BB37EF0	321C6E05	0-------
1BB37EF0	326AB5A0	0-------
1BB37EF0	330D186E	22------
1BB37EF0	3328F5C5	223-----
1BB37EF0	338DB69C	0-------
1BB37EF0	33AA56AE	000-----
1BB37EF0	35031459	22------
1BB37EF0	36E6993D	00------
1BB37EF0	37639659	33------
1BB37EF0	37D4ADB7	001-----
1BB37EF0	37EAAECB	0-------
1BB37EF0	384625D1	0-------
1BB37EF0	3D19B24A	333-----
1BB37EF0	3D2FC54E	5-------
1BB37EF0	3F01A65C	33------
1BB37EF0	3F38A74C	000-----
1BB37EF0	3F60EAC0	0-------
1BB37EF0	4060981E	5-------
1BB37EF0	44A9A7AE	0-------
1BB37EF0	4519A8CE	4-------
1BB37EF0	45213479	5-------
1BB37EF0	4623F1DB	2-------
1BB37EF0	483EFA58	22------
1BB37EF0	48C1A188	1-------
1BB37EF0	49AB74FD	22------
1BB37EF0	4ADF81CE	001-----
1BB37EF0	4B9DC608	44------
1BB37EF0	4BCC8D65	3-------
1BB37EF0	4D90A6F5	2-------
1BB37EF0	4F6F2726	0-------
1BB37EF0	4FEE00FA	00000---
1BB37EF0	5017D198	4-------
1BB37EF0	528C8AD5	0-------
1BB37EF0	528FD47E	3-------
1BB37EF0	530C32F8	001-----
1BB37EF0	54CD3DD1	1-------
1BB37EF0	560AE703	222-----
1BB37EF0	56CC6DC2	2-------
1BB37EF0	5711999A	4-------
1BB37EF0	57F3F2A2	00------
1BB37EF0	597E7A06	00------
1BB37EF0	59DB6D63	2-------
1BB37EF0	59EC962E	4-------
1BB37EF0	5B8FD594	2-------
1BB37EF0	5CB2BD85	22------
1BB37EF0	5D3339FB	0-------
1BB37EF0	5E7CBC34	1-------
1BB37EF0	5EDA8F9F	22222223
1BB37EF0	5F08E510	0-------
1BB37EF0	612D7598	001-----
1BB37EF0	61523313	1-------
1BB37EF0	61E8EC78	0-------
1BB37EF0	6226DE4F	5-------
1BB37EF0	62CBBC94	222-----
1BB37EF0	631DDA06	33------
1BB37EF0	637C997E	22------
1BB37EF0	63EA01BD	0-------
1BB37EF0	6447CBF5	0-------
1BB37EF0	64638C05	011-----
1BB37EF0	6778530C	0-------
1BB37EF0	69179612	000-----
1BB37EF0	6AFB074B	22------
1BB37EF0	6CD6426F	22------
1BB37EF0	6DF3E229	4-------
1BB37EF0	71F2A5CD	44------
1BB37EF0	7255EEAC	1-------
1BB37EF0	740CE8B0	5-555---
1BB37EF0	747BBC40	00000000
1BB37EF0	75032099	22------
1BB37EF0	7521B03E	00------
1BB37EF0	79BE42CC	3-------
1BB37EF0	7A7972E3	2-------
1BB37EF0	7B712595	0-------
1BB37EF0	7CED146B	0-------
1BB37EF0	7D066E7C	0-------
1BB37EF0	7DA73073	1-------
1BB37EF0	7E08B0A7	00------
1BB37EF0	7E83934C	00------
1BB37EF0	814E6DC7	1-------
1BB37EF0	82597C70	4-------
1BB37EF0	8417D829	0-------
1BB37EF0	86EBDFDA	000-----
1BB37EF0	88B53B80	5-55----
1BB37EF0	88B5ADDA	22------
1BB37EF0	8A9819DF	00------
1BB37EF0	8CBD4892	00------
1BB37EF0	8CC1A91A	22------
1BB37EF0	8D2BD684	0-------
1BB37EF0	8D5D3A96	2-------
1BB37EF0	8E9DD510	00------
1BB37EF0	8EF570DE	1-------
1BB37EF0	9361427C	0-------
1BB37EF0	939B9227	5-------
1BB37EF0	9568D532	0-------
1BB37EF0	959F7B3D	0-------
1BB37EF0	95F884CC	4-------
1BB37EF0	969FD36A	0-------
1BB37EF0	96ABB8D2	00------
1BB37EF0	972595F6	22------
1BB37EF0	97892849	00------
1BB37EF0	97F063B1	5-------
1BB37EF0	98BA36F3	22------
1BB37EF0	99FD6608	0-------
1BB37EF0	9A202149	00------
1BB37EF0	9A787EC3	001-----
1BB37EF0	9B806C5E	0-------
1BB37EF0	9BBA9063	223-----
1BB37EF0	9C23F75C	1-------
1BB37EF0	9EF08A91	2222----
1BB37EF0	A128619C	00------
1BB37EF0	A20A5EDA	5-------
1BB37EF0	A3ECAC3D	000-----
1BB37EF0	A6B76EF5	22222---
1BB37EF0	A9B9139F	44------
1BB37EF0	A9E32819	3-------
1BB37EF0	A9E4C2EE	0-------
1BB37EF0	AA9323AC	00------
1BB37EF0	ABC21599	001-----
1BB37EF0	ABD80ECC	00------
1BB37EF0	AC2F48EC	5-------
1BB37EF0	AE9A9020	00------
1BB37EF0	B0213F16	-5------
1BB37EF0	B078D265	2-------
1BB37EF0	B289F1F1	000-----
1BB37EF0	B389D646	0-------
1BB37EF0	B43FEC62	4-------
1BB37EF0	B52E5CA6	00------
1BB37EF0	B67CAA91	5-------
1BB37EF0	B6F56356	0-------
1BB37EF0	B77783E1	00------
1BB37EF0	B78DDC27	0-------
1BB37EF0	B7E5C8E0	0-------
1BB37EF0	B96BF46A	222-----
1BB37EF0	B9ADA8A1	2-------
1BB37EF0	BB9753D9	00------
1BB37EF0	BD9DEF1E	001-----
1BB37EF0	BE149AE8	000-----
1BB37EF0	BF8C0982	3-------
1BB37EF0	C04DFE9A	22------
1BB37EF0	C4117841	11------
1BB37EF0	C441DFFB	4-------
1BB37EF0	C67C8B3F	3-------
1BB37EF0	C8F0052D	22------
1BB37EF0	C8F1CC79	22------
1BB37EF0	CB38EFDF	000-----
1BB37EF0	CB7CD7AE	5-------
1BB37EF0	CBAD0835	000-----
1BB37EF0	CBEACA2A	2222222-
1BB37EF0	CC65FD00	2-------
1BB37EF0	CCE63E51	2-------
1BB37EF0	CDD18DE3	5-------
1BB37EF0	CEEB5EC7	33------
1BB37EF0	CF058F5E	5-------
1BB37EF0	D1956CCE	2222----
1BB37EF0	D3895D6B	0-------
1BB37EF0	D50D9ECC	000000--
1BB37EF0	D52506C8	-5------
1BB37EF0	D5C3C52A	0-------
1BB37EF0	D5DF998C	0-------
1BB37EF0	D6EB4854	0-------
1BB37EF0	D71A34BD	0-------
1BB37EF0	D7AE2661	4-------
1BB37EF0	D7C7868C	0-------
1BB37EF0	DB69383B	00------
1BB37EF0	DD0B0A85	0-------
1BB37EF0	E0F8B7B0	0-------
1BB37EF0	E211725B	00000---
1BB37EF0	E27DB70D	222-----
1BB37EF0	E42BF903	00------
1BB37EF0	E6F67AE1	2222----
1BB37EF0	E7AAF51D	0-------
1BB37EF0	EA3D79C1	4-------
1BB37EF0	EACAE80E	4-------
1BB37EF0	EAF01CED	00------
1BB37EF0	EB2D0C97	00------
1BB37EF0	F1BE31E8	3-------
1BB37EF0	F1FAA43F	5-------
1BB37EF0	F3F54BE0	00------
1BB37EF0	F977E904	223-----
1BB37EF0	F9AC8596	000-----
1BB37EF0	FECB97CC	5-------
1BB37EF0	FECEE06F	0-------
1BB37EF0	FEF8F9BC	011-----
1BB37EF0	FF5FCFD4	0-------
1BB37EF0	FFB74B45	00------
25D46F4B	0008E3DA	00------
25D46F4B	01A18BF7	0-------
25D46F4B	04896D14	00------
25D46F4B	0740E538	0-------
25D46F4B	07F41D2F	2-------
25D46F4B	09143248	00------
25D46F4B	0AEF5A61	0-------
25D46F4B	0B9360D3	4-------
25D46F4B	0BA9D51F	223-----
25D46F4B	0C953D0A	0-------
25D46F4B	0CA58DC2	22------
25D46F4B	0D47910F	22222222
25D46F4B	0D55E85E	2-------
25D46F4B	0E4DD851	22------
25D46F4B	0F93236E	1-------
25D46F4B	10D34368	2222----
25D46F4B	138619B0	4-------
25D46F4B	1541282A	33------
25D46F4B	17523167	0-------
25D46F4B	185D2339	00------
25D46F4B	187D5322	22------
25D46F4B	18F30D00	0-------
25D46F4B	1BC3BE8E	00------
25D46F4B	1F48C43A	5-------
25D46F4B	213FDF93	4-------
25D46F4B	21DD10B8	00------
25D46F4B	21E1E848	22------
25D46F4B	228A88EA	222-----
25D46F4B	22A712AF	000-----
25D46F4B	2301BA67	4-------
25D46F4B	23BF0A5C	0-------
25D46F4B	26219FC3	000-----
25D46F4B	26A1A9BB	44------
25D46F4B	2797F75E	22222222
25D46F4B	28BD0326	00------
25D46F4B	2B99994E	11------
25D46F4B	2D641792	22------
25D46F4B	2E7FEEC8	22------
25D46F4B	2E80D75B	0-------
25D46F4B	2E9189B1	22------
25D46F4B	315CAFF8	0-------
25D46F4B	321C6E05	0-------
25D46F4B	330D186E	2-------
25D46F4B	3328F5C5	223-----
25D46F4B	338DB69C	0-------
25D46F4B	35031459	22------
25D46F4B	36E6993D	00------
25D46F4B	37639659	33------
25D46F4B	37D4ADB7	001-----
25D46F4B	384625D1	0-------
25D46F4B	3D19B24A	333-----
25D46F4B	3D2FC54E	5-------
25D46F4B	3F01A65C	33------
25D46F4B	3F60EAC0	0-------
25D46F4B	4060981E	5-------
25D46F4B	44A9A7AE	0-------
25D46F4B	4519A8CE	4-------
25D46F4B	45213479	5-------
25D46F4B	4623F1DB	22222---
25D46F4B	483EFA58	22------
25D46F4B	48C1A188	1-------
25D46F4B	49AB74FD	22------
25D46F4B	4ADF81CE	001-----
25D46F4B	4B9DC608	44------
25D46F4B	4BCC8D65	3-------
25D46F4B	4D90A6F5	22------
25D46F4B	4F6F2726	0-------
25D46F4B	4FEE00FA	00000---
25D46F4B	5017D198	4-------
25D46F4B	502432AC	000-----
25D46F4B	528C8AD5	0-------
25D46F4B	528FD47E	3-------
25D46F4B	530C32F8	001-----
25D46F4B	54CD3DD1	1-------
25D46F4B	5711999A	4-------
25D46F4B	580A8133	222-----
25D46F4B	589E2C0C	000-----
25D46F4B	597E7A06	00------
25D46F4B	59DB6D63	2-------
25D46F4B	59EC962E	4-------
25D46F4B	5A4AA616	0-------
25D46F4B	5D3339FB	0-------
25D46F4B	5E7CBC34	1-------
25D46F4B	5EDA8F9F	22222223
25D46F4B	5F08E510	0-------
25D46F4B	612D7598	001-----
25D46F4B	61523313	1-------
25D46F4B	61E8EC78	00------
25D46F4B	6226DE4F	5-------
25D46F4B	631DDA06	33------
25D46F4B	637C997E	22------
25D46F4B	64396FD5	222-----
25D46F4B	6447CBF5	0-------
25D46F4B	64638C05	011-----
25D46F4B	6778530C	0-------
25D46F4B	6AFB074B	22------
25D46F4B	6CD6426F	22------
25D46F4B	6DF3E229	4-------
25D46F4B	71F2A5CD	44------
25D46F4B	7255EEAC	1-------
25D46F4B	740CE8B0	5-555---
25D46F4B	7462AD32	000-----
25D46F4B	747BBC40	0000000-
25D46F4B	75032099	22------
25D46F4B	7521B03E	00------
25D46F4B	7633BD52	2-------
25D46F4B	787D9708	0-------
25D46F4B	79BE42CC	3-------
25D46F4B	7B712595	00------
25D46F4B	7CED146B	0-------
25D46F4B	7D066E7C	0-------
25D46F4B	7DA73073	1-------
25D46F4B	7E08B0A7	00------
25D46F4B	7E83934C	00------
25D46F4B	7E950E5B	000-----
25D46F4B	814E6DC7	1-------
25D46F4B	82597C70	4-------
25D46F4B	8417D829	0-------
25D46F4B	88B53B80	5-55----
25D46F4B	88B5ADDA	22------
25D46F4B	8A9819DF	00------
25D46F4B	8CBD4892	00------
25D46F4B	8CC1A91A	22------
25D46F4B	8D1CF066	0-------
25D46F4B	8D5D3A96	2-------
25D46F4B	8E9DD510	00------
25D46F4B	8EF570DE	1-------
25D46F4B	9361427C	0-------
25D46F4B	939B9227	5-------
25D46F4B	946316C4	2-------
25D46F4B	9568D532	0-------
25D46F4B	959F7B3D	0-------
25D46F4B	95F884CC	4-------
25D46F4B	969FD36A	0-------
25D46F4B	972595F6	22------
25D46F4B	97892849	00------
25D46F4B	97F063B1	5-------
25D46F4B	986E22AC	00------
25D46F4B	98BA36F3	22------
25D46F4B	9933E8F4	00------
25D46F4B	9A202149	00------
25D46F4B	9A787EC3	001-----
25D46F4B	9B806C5E	0-------
25D46F4B	9BBA9063	223-----
25D46F4B	9C23F75C	1-------
25D46F4B	9CA5376D	0-------
25D46F4B	9EF08A91	2222----
25D46F4B	A128619C	000-----
25D46F4B	A20A5EDA	5-------
25D46F4B	A3ECAC3D	000-----
25D46F4B	A6B76EF5	22222---
25D46F4B	A6DBF5DB	0-------
25D46F4B	A9B9139F	44------
25D46F4B	A9E32819	3-------
25D46F4B	A9E4C2EE	0-------
25D46F4B	AA9323AC	00000---
25D46F4B	ABC21599	001-----
25D46F4B	ABD80ECC	00------
25D46F4B	AC2F48EC	5-------
25D46F4B	AE9A9020	000-----
25D46F4B	B0213F16	-5------
25D46F4B	B389D646	0-------
25D46F4B	B43FEC62	4-------
25D46F4B	B52E5CA6	00------
25D46F4B	B67CAA91	5-------
25D46F4B	B6F56356	0-------
25D46F4B	B78DDC27	0000----
25D46F4B	B7E5C8E0	0-------
25D46F4B	B96BF46A	222-----
25D46F4B	B9ADA8A1	2-------
25D46F4B	BB9753D9	00------
25D46F4B	BB99679E	2-------
25D46F4B	BD9DEF1E	001-----
25D46F4B	BE55DEA6	0-------
25D46F4B	BF8C0982	3-------
25D46F4B	C04DFE9A	22------
25D46F4B	C1854DC6	2-------
25D46F4B	C4117841	11------
25D46F4B	C42F1527	222-----
25D46F4B	C441DFFB	4-------
25D46F4B	C67C8B3F	3-------
25D46F4B	C8F0052D	22------
25D46F4B	C8F1CC79	22------
25D46F4B	CB7CD7AE	5-------
25D46F4B	CBEACA2A	222222--
25D46F4B	CC65FD00	22------
25D46F4B	CCE63E51	2-------
25D46F4B	CDD18DE3	5-------
25D46F4B	CEEB5EC7	33------
25D46F4B	CF058F5E	5-------
25D46F4B	D1956CCE	22222222
25D46F4B	D3895D6B	0-------
25D46F4B	D50D9ECC	000000--
25D46F4B	D52506C8	-5------
25D46F4B	D5C3C52A	0-------
25D46F4B	D5DF998C	0-------
25D46F4B	D71A34BD	0-------
25D46F4B	D7AE2661	4-------
25D46F4B	D7C7868C	0-------
25D46F4B	DB69383B	0-------
25D46F4B	DD0B0A85	0-------
25D46F4B	E211725B	00000---
25D46F4B	E6F67AE1	2222----
25D46F4B	E7AAF51D	0000----
25D46F4B	EA3D79C1	4-------
25D46F4B	EACAE80E	4-------
25D46F4B	EAF01CED	00000---
25D46F4B	EB2D0C97	0-------
25D46F4B	ECB468BD	0-------
25D46F4B	F056AA2A	222-----
25D46F4B	F1BE31E8	3-------
25D46F4B	F1FAA43F	5-------
25D46F4B	F3F54BE0	00------
25D46F4B	F3F8F045	0-------
25D46F4B	F977E904	223-----
25D46F4B	F9AC8596	0-------
25D46F4B	FCDF7EFE	0-------
25D46F4B	FECB97CC	5-------
25D46F4B	FECEE06F	0-------
25D46F4B	FEF8F9BC	011-----
25D46F4B	FF5FCFD4	0-------
25D46F4B	FFB74B45	00------
9A8AF295	0008E3DA	00------
9A8AF295	014EF238	55------
9A8AF295	017A4516	0-------
9A8AF295	01A18BF7	0-------
9A8AF295	04896D14	00------
9A8AF295	06946300	555555--
9A8AF295	0788E6D7	00------
9A8AF295	09143248	00------
9A8AF295	0AEF5A61	0-------
9A8AF295	0B1C4AD7	5-------
9A8AF295	0B9360D3	4-------
9A8AF295	0BA9D51F	223-----
9A8AF295	0C953D0A	0-------
9A8AF295	0CA58DC2	22------
9A8AF295	0D04BE19	0-------
9A8AF295	0D47910F	22222222
9A8AF295	0E4DD851	22------
9A8AF295	0F93236E	1-------
9A8AF295	1012C4E8	0-------
9A8AF295	10D34368	2222----
9A8AF295	112D05CB	4-------
9A8AF295	138619B0	4-------
9A8AF295	14DBD53F	5-------
9A8AF295	1541282A	33------
9A8AF295	15F60DA5	4-------
9A8AF295	1650F772	000-----
9A8AF295	17523167	0-------
9A8AF295	185D2339	0-------
9A8AF295	187D5322	22------
9A8AF295	1B6314E1	4-------
9A8AF295	1B8429CB	0-------
9A8AF295	1BC3BE8E	00------
9A8AF295	1CB0CF69	0-------
9A8AF295	1E7721CE	4-------
9A8AF295	1F48C43A	5-------
9A8AF295	213FDF93	4-------
9A8AF295	21DD10B8	0-------
9A8AF295	21E1E848	22------
9A8AF295	228A88EA	222-----
9A8AF295	2301BA67	4-------
9A8AF295	23BF0A5C	0-------
9A8AF295	26A1A9BB	44------
9A8AF295	2797F75E	22222222
9A8AF295	27A70C2F	555-----
9A8AF295	28BD0326	0-------
9A8AF295	299AD261	5-------
9A8AF295	2B00F0DD	5-------
9A8AF295	2B8B4507	00------
9A8AF295	2B99994E	11------
9A8AF295	2D641792	22------
9A8AF295	2E7FEEC8	22------
9A8AF295	2E80D75B	0-------
9A8AF295	2E9189B1	22------
9A8AF295	315CAFF8	00------
9A8AF295	321C6E05	00------
9A8AF295	3328F5C5	223-----
9A8AF295	338DB69C	0-------
9A8AF295	35031459	22------
9A8AF295	36E6993D	00------
9A8AF295	37639659	33------
9A8AF295	37D4ADB7	001-----
9A8AF295	37F864A4	000-----
9A8AF295	39123F9E	00------
9A8AF295	3B29C2DE	000-----
9A8AF295	3C61C58C	5-------
9A8AF295	3CAAD804	00------
9A8AF295	3D19B24A	333-----
9A8AF295	3F01A65C	33------
9A8AF295	4060981E	5-------
9A8AF295	44A9A7AE	0-------
9A8AF295	4519A8CE	4-------
9A8AF295	45213479	5-------
9A8AF295	4623F1DB	222-----
9A8AF295	483EFA58	22------
9A8AF295	4899DA7D	5-------
9A8AF295	48C1A188	1-------
9A8AF295	49AB74FD	22------
9A8AF295	4ADF81CE	1-------
9A8AF295	4B9DC608	44------
9A8AF295	4BCC8D65	3-------
9A8AF295	4D90A6F5	222-----
9A8AF295	4F6F2726	0-------
9A8AF295	4F9E6DF5	4-------
9A8AF295	4FEE00FA	00000---
9A8AF295	5017D198	4-------
9A8AF295	528C8AD5	0-------
9A8AF295	528FD47E	3-------
9A8AF295	530C32F8	001-----
9A8AF295	54CD3DD1	1-------
9A8AF295	560AE703	222-----
9A8AF295	5711999A	4-------
9A8AF295	58B6CEE0	0-------
9A8AF295	597E7A06	0-------
9A8AF295	59DB6D63	222-----
9A8AF295	5D3339FB	0-------
9A8AF295	5E7CBC34	1-------
9A8AF295	5EDA8F9F	22222223
9A8AF295	5F08E510	0-------
9A8AF295	5F785691	5-------
9A8AF295	612D7598	001-----
9A8AF295	61523313	1-------
9A8AF295	61E8EC78	0000000-
9A8AF295	631DDA06	33------
9A8AF295	637C997E	22------
9A8AF295	6447CBF5	0-------
9A8AF295	64638C05	011-----
9A8AF295	6778530C	0-------
9A8AF295	67F2C420	000-----
9A8AF295	6AFB074B	22------
9A8AF295	6CD6426F	22------
9A8AF295	6DF3E229	4-------
9A8AF295	6EC6647C	0-------
9A8AF295	703ED514	000-----
9A8AF295	71F2A5CD	44------
9A8AF295	7255EEAC	1-------
9A8AF295	740CE8B0	55------
9A8AF295	747BBC40	00------
9A8AF295	75032099	22------
9A8AF295	7521B03E	00------
9A8AF295	79BE42CC	3-------
9A8AF295	7AD2E01B	0-------
9A8AF295	7B712595	0-------
9A8AF295	7D066E7C	0-------
9A8AF295	7DA73073	1-------
9A8AF295	7E08B0A7	00------
9A8AF295	7E110FF8	000-----
9A8AF295	7E83934C	00------
9A8AF295	7F8F11DC	0-------
9A8AF295	814E6DC7	1-------
9A8AF295	81F169D5	5-------
9A8AF295	82597C70	4-------
9A8AF295	8417D829	00------
9A8AF295	852CC547	0-------
9A8AF295	860089DC	0-------
9A8AF295	87EF63A4	222-----
9A8AF295	88B53B80	55------
9A8AF295	88B5ADDA	22------
9A8AF295	890B85F9	222-----
9A8AF295	8A9819DF	00------
9A8AF295	8CBD4892	00------
9A8AF295	8CC1A91A	22------
9A8AF295	8D5D3A96	2-------
9A8AF295	8EF570DE	1-------
9A8AF295	900956D6	5-------
9A8AF295	927CDC96	2-------
9A8AF295	939B9227	5-------
9A8AF295	946316C4	2-------
9A8AF295	959F7B3D	0-------
9A8AF295	95F884CC	4-------
9A8AF295	969FD36A	0-------
9A8AF295	972595F6	22------
9A8AF295	97892849	00------
9A8AF295	97F063B1	5-------
9A8AF295	986E22AC	00------
9A8AF295	98BA36F3	22------
9A8AF295	9933E8F4	00------
9A8AF295	99D75290	5-------
9A8AF295	9A202149	00------
9A8AF295	9A787EC3	001-----
9A8AF295	9BBA9063	223-----
9A8AF295	9C23F75C	1-------
9A8AF295	9EF08A91	2222----
9A8AF295	A128619C	00------
9A8AF295	A3E5A39E	0-------
9A8AF295	A3ECAC3D	00------
9A8AF295	A6B76EF5	22222---
9A8AF295	A85CA4BE	4-------
9A8AF295	A929F4F7	0-------
9A8AF295	A9B9139F	44------
9A8AF295	A9E32819	3-------
9A8AF295	A9E4C2EE	0-------
9A8AF295	A9F359E6	222-----
9A8AF295	AA9323AC	000000--
9A8AF295	ABC21599	001-----
9A8AF295	AC2F48EC	5-------
9A8AF295	AE9A9020	000000--
9A8AF295	AF432509	4-------
9A8AF295	B26F2CFD	0-------
9A8AF295	B389D646	0-------
9A8AF295	B43FEC62	4-------
9A8AF295	B52E5CA6	00------
9A8AF295	B6F56356	0-------
9A8AF295	B78DDC27	000000--
9A8AF295	B96BF46A	2-------
9A8AF295	B9ADA8A1	2-------
9A8AF295	BD9DEF1E	001-----
9A8AF295	BF8C0982	3-------
9A8AF295	C04DFE9A	22------
9A8AF295	C4117841	11------
9A8AF295	C441DFFB	4-------
9A8AF295	C64C6A93	2-------
9A8AF295	C67C8B3F	3-------
9A8AF295	C8F0052D	22------
9A8AF295	C8F1CC79	22------
9A8AF295	C961C255	000-----
9A8AF295	CB7CD7AE	5-------
9A8AF295	CBEACA2A	22222222
9A8AF295	CC65FD00	22------
9A8AF295	CCE63E51	2-------
9A8AF295	CEEB5EC7	33------
9A8AF295	CF058F5E	5-------
9A8AF295	D1956CCE	222222--
9A8AF295	D50D9ECC	000000--
9A8AF295	D5C3C52A	0-------
9A8AF295	D5DF998C	0-------
9A8AF295	D5E6ABA3	4-------
9A8AF295	D71A34BD	0-------
9A8AF295	D7AE2661	4-------
9A8AF295	D7C7868C	0-------
9A8AF295	E211725B	00000---
9A8AF295	E5670E1D	4-------
9A8AF295	E6F67AE1	2222----
9A8AF295	E7AAF51D	000000--
9A8AF295	E7EF72E7	4-------
9A8AF295	EA3D79C1	44------
9A8AF295	EAB6A975	5-------
9A8AF295	EACAE80E	4-------
9A8AF295	EAF01CED	0-------
9A8AF295	EB2D0C97	0-------
9A8AF295	EED9C399	222-----
9A8AF295	F0B4FEB6	4-------
9A8AF295	F1BE31E8	3-------
9A8AF295	F1E0C7EA	0-------
9A8AF295	F3F54BE0	00------
9A8AF295	F6F54013	5-------
9A8AF295	F70FFB9E	5-------
9A8AF295	F9275F8C	2-------
9A8AF295	F977E904	223-----
9A8AF295	FBE00F54	4-------
9A8AF295	FD1C71F8	222-----
9A8AF295	FECEE06F	0-------
9A8AF295	FEF8F9BC	011-----
9A8AF295	FF5FCFD4	0-------
9A8AF295	FFB74B45	0-------
9B15CFB1	0008E3DA	00------
9B15CFB1	00B7A3DD	22------
9B15CFB1	014E7D7B	000-----
9B15CFB1	014EF238	55------
9B15CFB1	01A18BF7	0-------
9B15CFB1	04896D14	00------
9B15CFB1	06946300	555555--
9B15CFB1	0788E6D7	00------
9B15CFB1	09143248	00------
9B15CFB1	0AEF5A61	0-------
9B15CFB1	0B1C4AD7	5-------
9B15CFB1	0B9360D3	4-------
9B15CFB1	0BA9D51F	223-----
9B15CFB1	0C853C87	000-----
9B15CFB1	0C953D0A	0-------
9B15CFB1	0CA58DC2	22------
9B15CFB1	0D47910F	22222---
9B15CFB1	0E4DD851	22------
9B15CFB1	0F93236E	1-------
9B15CFB1	1012C4E8	0-------
9B15CFB1	10D34368	2222----
9B15CFB1	112D05CB	4-------
9B15CFB1	138619B0	4-------
9B15CFB1	14BA4DC1	0-------
9B15CFB1	14DBD53F	5-------
9B15CFB1	1541282A	33------
9B15CFB1	156EAAD4	000-----
9B15CFB1	15F60DA5	4-------
9B15CFB1	17523167	0-------
9B15CFB1	17AD010C	0-------
9B15CFB1	185D2339	0-------
9B15CFB1	187D5322	22------
9B15CFB1	1B6314E1	4-------
9B15CFB1	1B8429CB	0-------
9B15CFB1	1BC3BE8E	00------
9B15CFB1	1E7721CE	4-------
9B15CFB1	1EFF6D3D	222-----
9B15CFB1	1F48C43A	5-------
9B15CFB1	213FDF93	4-------
9B15CFB1	21DD10B8	0-------
9B15CFB1	21E1E848	22------
9B15CFB1	228A88EA	2-------
9B15CFB1	2301BA67	4-------
9B15CFB1	23BF0A5C	0-------
9B15CFB1	26A1A9BB	44------
9B15CFB1	2797F75E	2222222-
9B15CFB1	27A70C2F	555-----
9B15CFB1	28BD0326	0-------
9B15CFB1	299AD261	5-------
9B15CFB1	2B00F0DD	5-------
9B15CFB1	2B8B4507	00------
9B15CFB1	2B99994E	11------
9B15CFB1	2D641792	22------
9B15CFB1	2E80D75B	0-------
9B15CFB1	2E9189B1	22------
9B15CFB1	315CAFF8	000-----
9B15CFB1	321C6E05	00------
9B15CFB1	3328F5C5	223-----
9B15CFB1	338DB69C	0-------
9B15CFB1	35031459	22------
9B15CFB1	36E6993D	00------
9B15CFB1	37639659	33------
9B15CFB1	37D4ADB7	001-----
9B15CFB1	39123F9E	00------
9B15CFB1	3C61C58C	5-------
9B15CFB1	3CAAD804	00------
9B15CFB1	3D19B24A	333-----
9B15CFB1	3F01A65C	33------
9B15CFB1	4060981E	5-------
9B15CFB1	44A9A7AE	0-------
9B15CFB1	4519A8CE	4-------
9B15CFB1	45213479	5-------
9B15CFB1	457DEB57	222-----
9B15CFB1	4623F1DB	22------
9B15CFB1	483EFA58	22------
9B15CFB1	4899DA7D	5-------
9B15CFB1	48C1A188	1-------
9B15CFB1	49AB74FD	22------
9B15CFB1	4ADF81CE	1-------
9B15CFB1	4B9DC608	44------
9B15CFB1	4BCC8D65	3-------
9B15CFB1	4D90A6F5	22------
9B15CFB1	4F6F2726	0-------
9B15CFB1	4F9E6DF5	4-------
9B15CFB1	4FEE00FA	00000---
9B15CFB1	5017D198	4-------
9B15CFB1	528C8AD5	0-------
9B15CFB1	528FD47E	3-------
9B15CFB1	530C32F8	001-----
9B15CFB1	54CD3DD1	1-------
9B15CFB1	560AE703	222-----
9B15CFB1	56CC6DC2	22------
9B15CFB1	5711999A	4-------
9B15CFB1	57D1AB4C	2-------
9B15CFB1	58B6CEE0	0-------
9B15CFB1	597E7A06	0-------
9B15CFB1	59DB6D63	22------
9B15CFB1	5D3339FB	0-------
9B15CFB1	5E7CBC34	1-------
9B15CFB1	5EDA8F9F	22222223
9B15CFB1	5F08E510	0-------
9B15CFB1	5F785691	5-------
9B15CFB1	612D7598	001-----
9B15CFB1	61523313	1-------
9B15CFB1	61E8EC78	00000---
9B15CFB1	631DDA06	33------
9B15CFB1	637C997E	2-------
9B15CFB1	6447CBF5	0-------
9B15CFB1	64638C05	011-----
9B15CFB1	6778530C	0-------
9B15CFB1	6AFB074B	2-------
9B15CFB1	6AFF52C8	0-------
9B15CFB1	6CD6426F	22------
9B15CFB1	6DF3E229	4-------
9B15CFB1	71F2A5CD	44------
9B15CFB1	7255EEAC	1-------
9B15CFB1	740CE8B0	55------
9B15CFB1	747BBC40	000000--
9B15CFB1	75032099	22------
9B15CFB1	7521B03E	00------
9B15CFB1	76ED1E4B	000-----
9B15CFB1	79BE42CC	3-------
9B15CFB1	7B712595	00------
9B15CFB1	7D066E7C	0-------
9B15CFB1	7DA73073	1-------
9B15CFB1	7E08B0A7	00------
9B15CFB1	7E83934C	00------
9B15CFB1	7F8F11DC	0-------
9B15CFB1	814E6DC7	1-------
9B15CFB1	81F169D5	5-------
9B15CFB1	8205B6D4	2-------
9B15CFB1	82597C70	4-------
9B15CFB1	8417D829	00------
9B15CFB1	860089DC	0-------
9B15CFB1	88B53B80	55------
9B15CFB1	88B5ADDA	22------
9B15CFB1	8A9819DF	00------
9B15CFB1	8CBD4892	00------
9B15CFB1	8CC1A91A	22------
9B15CFB1	8D5D3A96	2-------
9B15CFB1	8EF570DE	1-------
9B15CFB1	8F6226B1	000-----
9B15CFB1	900956D6	5-------
9B15CFB1	939B9227	5-------
9B15CFB1	9568D532	0-------
9B15CFB1	959F7B3D	0-------
9B15CFB1	95F884CC	4-------
9B15CFB1	969FD36A	0-------
9B15CFB1	972595F6	22------
9B15CFB1	97892849	00------
9B15CFB1	97F063B1	5-------
9B15CFB1	986E22AC	00------
9B15CFB1	98BA36F3	22------
9B15CFB1	9933E8F4	00------
9B15CFB1	99D75290	5-------
9B15CFB1	9A202149	00------
9B15CFB1	9A787EC3	001-----
9B15CFB1	9BBA9063	223-----
9B15CFB1	9BBFEA0E	2-------
9B15CFB1	9C23F75C	1-------
9B15CFB1	9EF08A91	2222----
9B15CFB1	A3E5A39E	0-------
9B15CFB1	A3ECAC3D	00------
9B15CFB1	A6B76EF5	22222---
9B15CFB1	A6D08FD7	0-------
9B15CFB1	A85CA4BE	4-------
9B15CFB1	A929F4F7	0-------
9B15CFB1	A9B9139F	44------
9B15CFB1	A9E32819	3-------
9B15CFB1	A9E4C2EE	0-------
9B15CFB1	AA9323AC	00000---
9B15CFB1	ABC21599	001-----
9B15CFB1	AC2F48EC	5-------
9B15CFB1	AE9A9020	00000---
9B15CFB1	AF432509	4-------
9B15CFB1	B1FF77DF	222-----
9B15CFB1	B389D646	0-------
9B15CFB1	B43FEC62	4-------
9B15CFB1	B52E5CA6	00------
9B15CFB1	B6F56356	0-------
9B15CFB1	B77783E1	0-------
9B15CFB1	B78DDC27	000-----
9B15CFB1	B96BF46A	22------
9B15CFB1	B9ADA8A1	2-------
9B15CFB1	BD9DEF1E	001-----
9B15CFB1	BF8C0982	3-------
9B15CFB1	C04DFE9A	22------
9B15CFB1	C4117841	11------
9B15CFB1	C441DFFB	4-------
9B15CFB1	C67C8B3F	3-------
9B15CFB1	C8F0052D	22------
9B15CFB1	C8F1CC79	222-----
9B15CFB1	CB7CD7AE	5-------
9B15CFB1	CBEACA2A	2222222-
9B15CFB1	CC65FD00	222-----
9B15CFB1	CCE63E51	2-------
9B15CFB1	CDCF5B8C	0-------
9B15CFB1	CEEB5EC7	33------
9B15CFB1	CF058F5E	5-------
9B15CFB1	CF1048BE	0-------
9B15CFB1	D1956CCE	222-----
9B15CFB1	D392A630	0-------
9B15CFB1	D50D9ECC	000000--
9B15CFB1	D5C3C52A	0-------
9B15CFB1	D5DF998C	0-------
9B15CFB1	D5E6ABA3	4-------
9B15CFB1	D71A34BD	0-------
9B15CFB1	D7AE2661	4-------
9B15CFB1	D7BA8C72	2-------
9B15CFB1	D7C7868C	0-------
9B15CFB1	E1B1810A	2-------
9B15CFB1	E211725B	00000---
9B15CFB1	E5670E1D	4-------
9B15CFB1	E6F67AE1	2222----
9B15CFB1	E7AAF51D	0000----
9B15CFB1	E7EF72E7	4-------
9B15CFB1	EA3D79C1	44------
9B15CFB1	EAB6A975	5-------
9B15CFB1	EACAE80E	4-------
9B15CFB1	EAF01CED	0-------
9B15CFB1	EB2D0C97	0-------
9B15CFB1	ED5C3CFE	000-----
9B15CFB1	F0B4FEB6	4-------
9B15CFB1	F1BE31E8	3-------
9B15CFB1	F1E0C7EA	0-------
9B15CFB1	F3F54BE0	00------
9B15CFB1	F6F54013	5-------
9B15CFB1	F70FFB9E	5-------
9B15CFB1	F977E904	223-----
9B15CFB1	FBE00F54	4-------
9B15CFB1	FECEE06F	0-------
9B15CFB1	FEF8F9BC	011-----
9B15CFB1	FF5FCFD4	0-------
9B15CFB1	FFB74B45	0-------
9B15CFB1	FFBB58B6	000-----
646C3168	0054D54B	2-------
646C3168	01A18BF7	00------
646C3168	04896D14	00------
646C3168	09143248	00------
646C3168	0AEF5A61	0-------
646C3168	0B9360D3	4-------
646C3168	0BA9D51F	223-----
646C3168	0C953D0A	00------
646C3168	0CA58DC2	22------
646C3168	0D47910F	22222222
646C3168	0E4DD851	22------
646C3168	0F93236E	1-------
646C3168	10D34368	2222----
646C3168	138619B0	4-------
646C3168	1541282A	33------
646C3168	17523167	0-------
646C3168	185D2339	00------
646C3168	187D5322	22------
646C3168	18F30D00	0-------
646C3168	1BC3BE8E	00------
646C3168	1F48C43A	5-------
646C3168	213FDF93	4-------
646C3168	21DD10B8	00------
646C3168	21E1E848	22------
646C3168	228A88EA	2222----
646C3168	2301BA67	4-------
646C3168	23BF0A5C	0-------
646C3168	26A1A9BB	44------
646C3168	2797F75E	22222222
646C3168	28BD0326	00------
646C3168	29C7F02D	0-------
646C3168	2B99994E	11------
646C3168	2D13448F	000-----
646C3168	2D641792	22------
646C3168	2E80D75B	0-------
646C3168	2E9189B1	22------
646C3168	31267BD3	2-------
646C3168	315CAFF8	0-------
646C3168	321C6E05	0-------
646C3168	3328F5C5	223-----
646C3168	338DB69C	0-------
646C3168	35031459	22------
646C3168	36E6993D	00------
646C3168	37639659	33------
646C3168	37D4ADB7	001-----
646C3168	384625D1	0-------
646C3168	3854F608	222-----
646C3168	392E8537	0-------
646C3168	3D19B24A	333-----
646C3168	3D2FC54E	5-------
646C3168	3F01A65C	33------
646C3168	3F60EAC0	0-------
646C3168	4060981E	5-------
646C3168	4519A8CE	4-------
646C3168	45213479	5-------
646C3168	4623F1DB	22222---
646C3168	483EFA58	22------
646C3168	48C1A188	1-------
646C3168	49AB74FD	22------
646C3168	4ADF81CE	001-----
646C3168	4B9DC608	44------
646C3168	4BCC8D65	3-------
646C3168	4D90A6F5	222-----
646C3168	4FEE00FA	00000---
646C3168	5017D198	4-------
646C3168	528C8AD5	0-------
646C3168	528FD47E	3-------
646C3168	530C32F8	001-----
646C3168	54CD3DD1	1-------
646C3168	560AE703	22------
646C3168	56CC6DC2	22------
646C3168	5711999A	4-------
646C3168	597E7A06	00------
646C3168	59DB6D63	222-----
646C3168	59EC962E	4-------
646C3168	5D3339FB	00------
646C3168	5E7CBC34	1-------
646C3168	5EDA8F9F	22222223
646C3168	5F08E510	0-------
646C3168	612D7598	001-----
646C3168	61523313	1-------
646C3168	6226DE4F	5-------
646C3168	631DDA06	33------
646C3168	637C997E	22------
646C3168	641AE5FA	222-----
646C3168	6447CBF5	0-------
646C3168	64638C05	011-----
646C3168	6778530C	0-------
646C3168	6AFB074B	22------
646C3168	6CD6426F	22------
646C3168	6DF3E229	4-------
646C3168	71F2A5CD	44------
646C3168	7255EEAC	1-------
646C3168	7404D5F6	0-------
646C3168	740CE8B0	5-555---
646C3168	747BBC40	0000000-
646C3168	75032099	22------
646C3168	7521B03E	00------
646C3168	79BE42CC	3-------
646C3168	7A1640D9	2-------
646C3168	7B712595	0000----
646C3168	7CED146B	0-------
646C3168	7DA73073	1-------
646C3168	7E08B0A7	00------
646C3168	814E6DC7	1-------
646C3168	82597C70	4-------
646C3168	8417D829	0-------
646C3168	8666278B	0-------
646C3168	88B53B80	5-55----
646C3168	88B5ADDA	22------
646C3168	89FE3308	000-----
646C3168	8A9819DF	00------
646C3168	8CBD4892	00------
646C3168	8CC1A91A	22------
646C3168	8CEDFD9A	0-------
646C3168	8D1CF066	0-------
646C3168	8D5D3A96	2-------
646C3168	8E9DD510	00------
646C3168	8EF570DE	1-------
646C3168	916D66D2	000-----
646C3168	9361427C	0-------
646C3168	939B9227	5-------
646C3168	93BEFE51	222-----
646C3168	946316C4	22------
646C3168	959F7B3D	0-------
646C3168	95F884CC	4-------
646C3168	969FD36A	0-------
646C3168	96ABB8D2	00------
646C3168	972595F6	22------
646C3168	97799E3A	0-------
646C3168	97892849	00------
646C3168	97F063B1	5-------
646C3168	9898ABBE	222-----
646C3168	98BA36F3	22------
646C3168	991362FB	000-----
646C3168	9933E8F4	00------
646C3168	9A202149	00------
646C3168	9A787EC3	001-----
646C3168	9B806C5E	0-------
646C3168	9BBA9063	223-----
646C3168	9C23F75C	1-------
646C3168	9EF08A91	2222----
646C3168	A128619C	00------
646C3168	A20A5EDA	5-------
646C3168	A3ECAC3D	000-----
646C3168	A6015A28	000-----
646C3168	A6B76EF5	22222---
646C3168	A9B9139F	44------
646C3168	A9E32819	3-------
646C3168	A9E4C2EE	0-------
646C3168	AA9323AC	00000---
646C3168	ABC21599	001-----
646C3168	ABD80ECC	00------
646C3168	AC2F48EC	5-------
646C3168	AE9A9020	00------
646C3168	B0213F16	-5------
646C3168	B389D646	0-------
646C3168	B43FEC62	4-------
646C3168	B52E5CA6	00------
646C3168	B67CAA91	5-------
646C3168	B6F56356	0-------
646C3168	B78DDC27	000-----
646C3168	B7E5C8E0	0-------
646C3168	B9ADA8A1	2-------
646C3168	BB9753D9	00------
646C3168	BD9DEF1E	001-----
646C3168	BF8C0982	3-------
646C3168	C04DFE9A	22------
646C3168	C1854DC6	2-------
646C3168	C4117841	11------
646C3168	C441DFFB	4-------
646C3168	C67C8B3F	3-------
646C3168	C8F0052D	22------
646C3168	C8F1CC79	22------
646C3168	CB7CD7AE	5-------
646C3168	CBEACA2A	22222---
646C3168	CC65FD00	22------
646C3168	CCE63E51	2-------
646C3168	CDD18DE3	5-------
646C3168	CEEB5EC7	33------
646C3168	CF058F5E	5-------
646C3168	D1956CCE	2222222-
646C3168	D50D9ECC	000000--
646C3168	D52506C8	-5------
646C3168	D5DF998C	0-------
646C3168	D7AE2661	4-------
646C3168	D7C7868C	00------
646C3168	DB69383B	00------
646C3168	DD0B0A85	0-------
646C3168	E211725B	00000---
646C3168	E5E050E6	2-------
646C3168	E6F67AE1	2222----
646C3168	E7AAF51D	0-------
646C3168	E860F365	000-----
646C3168	EA3D79C1	4-------
646C3168	EACAE80E	4-------
646C3168	EAF01CED	000000--
646C3168	EB2D0C97	0-------
646C3168	F1BE31E8	3-------
646C3168	F1FAA43F	5-------
646C3168	F3F54BE0	00------
646C3168	F4BC2CA0	000-----
646C3168	F977E904	223-----
646C3168	F9AC8596	000-----
646C3168	FD0DE6C1	0-------
646C3168	FECB97CC	5-------
646C3168	FEF8F9BC	011-----
646C3168	FF5FCFD4	0-------
646C3168	FFB74B45	00------
74DD4C79	01A18BF7	0-------
74DD4C79	04896D14	00------
74DD4C79	07A23E95	222-----
74DD4C79	09143248	00------
74DD4C79	0AEF5A61	0-------
74DD4C79	0B9360D3	4-------
74DD4C79	0BA9D51F	223-----
74DD4C79	0C953D0A	0-------
74DD4C79	0CA58DC2	22------
74DD4C79	0D47910F	22222222
74DD4C79	0E4DD851	22------
74DD4C79	0F1D8C79	222-----
74DD4C79	0F93236E	1-------
74DD4C79	10D34368	2222----
74DD4C79	1175F75E	0-------
74DD4C79	138619B0	4-------
74DD4C79	1541282A	33------
74DD4C79	17523167	0-------
74DD4C79	185D2339	00------
74DD4C79	187D5322	22------
74DD4C79	18F30D00	0-------
74DD4C79	1902785C	000-----
74DD4C79	1A136DF9	2-------
74DD4C79	1A211B99	000-----
74DD4C79	1BC3BE8E	00------
74DD4C79	1F48C43A	5-------
74DD4C79	213FDF93	4-------
74DD4C79	21DD10B8	00------
74DD4C79	21E1E848	22------
74DD4C79	228A88EA	222-----
74DD4C79	2301BA67	4-------
74DD4C79	23BF0A5C	0-------
74DD4C79	26A1A9BB	44------
74DD4C79	2797F75E	22222222
74DD4C79	28BD0326	00------
74DD4C79	2B99994E	11------
74DD4C79	2D13448F	00------
74DD4C79	2D641792	22------
74DD4C79	2E7FEEC8	22------
74DD4C79	2E80D75B	0-------
74DD4C79	2E9189B1	22------
74DD4C79	315CAFF8	0-------
74DD4C79	321C6E05	0-------
74DD4C79	330D186E	222-----
74DD4C79	3328F5C5	223-----
74DD4C79	338DB69C	0-------
74DD4C79	35031459	22------
74DD4C79	36E6993D	00------
74DD4C79	37639659	33------
74DD4C79	37D4ADB7	001-----
74DD4C79	384625D1	0-------
74DD4C79	38DA15B8	0-------
74DD4C79	3D19B24A	333-----
74DD4C79	3D2FC54E	5-------
74DD4C79	3F01A65C	33------
74DD4C79	3F60EAC0	0-------
74DD4C79	4060981E	5-------
74DD4C79	44A9A7AE	0-------
74DD4C79	4519A8CE	4-------
74DD4C79	45213479	5-------
74DD4C79	4623F1DB	2222----
74DD4C79	483EFA58	22------
74DD4C79	48C1A188	1-------
74DD4C79	49AB74FD	22------
74DD4C79	4ADF81CE	001-----
74DD4C79	4B9DC608	44------
74DD4C79	4BCC8D65	3-------
74DD4C79	4F6F2726	0-------
74DD4C79	4FEE00FA	000000--
74DD4C79	5017D198	4-------
74DD4C79	528C8AD5	0-------
74DD4C79	528FD47E	3-------
74DD4C79	530C32F8	001-----
74DD4C79	53EF7401	000-----
74DD4C79	54CD3DD1	1-------
74DD4C79	5711999A	4-------
74DD4C79	597E7A06	00------
74DD4C79	59DB6D63	22------
74DD4C79	59EC962E	4-------
74DD4C79	5CB2BD85	22------
74DD4C79	5D3339FB	0-------
74DD4C79	5E7CBC34	1-------
74DD4C79	5EDA8F9F	22222223
74DD4C79	5F08E510	0-------
74DD4C79	612D7598	001-----
74DD4C79	61523313	1-------
74DD4C79	6226DE4F	5-------
74DD4C79	631DDA06	33------
74DD4C79	637C997E	22------
74DD4C79	6447CBF5	0-------
74DD4C79	64638C05	011-----
74DD4C79	6778530C	0-------
74DD4C79	6AFB074B	22------
74DD4C79	6CD6426F	22------
74DD4C79	6DF3E229	4-------
74DD4C79	6E81BCD5	000-----
74DD4C79	71F2A5CD	44------
74DD4C79	7255EEAC	1-------
74DD4C79	740CE8B0	5-555---
74DD4C79	747BBC40	00000000
74DD4C79	75032099	22------
74DD4C79	7521B03E	00------
74DD4C79	79BE42CC	3-------
74DD4C79	7B712595	000-----
74DD4C79	7CED146B	0-------
74DD4C79	7D066E7C	0-------
74DD4C79	7DA73073	1-------
74DD4C79	7E08B0A7	00------
74DD4C79	7E83934C	00------
74DD4C79	814E6DC7	1-------
74DD4C79	82597C70	4-------
74DD4C79	8417D829	0-------
74DD4C79	88B53B80	5-55----
74DD4C79	88B5ADDA	22------
74DD4C79	8A9819DF	00------
74DD4C79	8CBD4892	00------
74DD4C79	8CC1A91A	22------
74DD4C79	8D1CF066	000-----
74DD4C79	8D5D3A96	2-------
74DD4C79	8E9DD510	00------
74DD4C79	8EF570DE	1-------
74DD4C79	931ED89D	222-----
74DD4C79	9361427C	0-------
74DD4C79	939B9227	5-------
74DD4C79	946316C4	22------
74DD4C79	9568D532	00------
74DD4C79	959F7B3D	0-------
74DD4C79	95F884CC	4-------
74DD4C79	968A4B65	000-----
74DD4C79	969FD36A	0-------
74DD4C79	96ABB8D2	00------
74DD4C79	972595F6	22------
74DD4C79	97892849	00------
74DD4C79	97F063B1	5-------
74DD4C79	98BA36F3	22------
74DD4C79	9933E8F4	00------
74DD4C79	9A202149	00------
74DD4C79	9A787EC3	001-----
74DD4C79	9B806C5E	0-------
74DD4C79	9BBA9063	223-----
74DD4C79	9C23F75C	1-------
74DD4C79	9EF08A91	2222----
74DD4C79	A128619C	0-------
74DD4C79	A20A5EDA	5-------
74DD4C79	A3ECAC3D	000-----
74DD4C79	A6B76EF5	22222---
74DD4C79	A8C611F4	22------
74DD4C79	A9B9139F	44------
74DD4C79	A9E32819	3-------
74DD4C79	A9E4C2EE	0-------
74DD4C79	AA9323AC	00000---
74DD4C79	ABC21599	001-----
74DD4C79	ABD80ECC	00------
74DD4C79	AC2F48EC	5-------
74DD4C79	AE9A9020	0000----
74DD4C79	B0213F16	-5------
74DD4C79	B389D646	0-------
74DD4C79	B3FCEC19	0-------
74DD4C79	B43FEC62	4-------
74DD4C79	B52E5CA6	00------
74DD4C79	B67CAA91	5-------
74DD4C79	B6F56356	0-------
74DD4C79	B78DDC27	0000----
74DD4C79	B7E5C8E0	0-------
74DD4C79	B9442587	0-------
74DD4C79	B96BF46A	222-----
74DD4C79	B9ADA8A1	2-------
74DD4C79	BB9753D9	00------
74DD4C79	BB99679E	2-------
74DD4C79	BD9DEF1E	001-----
74DD4C79	BF8C0982	3-------
74DD4C79	C04DFE9A	22------
74DD4C79	C1854DC6	2-------
74DD4C79	C2F6C99C	2-------
74DD4C79	C4117841	11------
74DD4C79	C441DFFB	4-------
74DD4C79	C615CE8F	2-------
74DD4C79	C67C8B3F	3-------
74DD4C79	C8F0052D	22------
74DD4C79	C8F1CC79	22------
74DD4C79	C9F432BE	2-------
74DD4C79	CB7CD7AE	5-------
74DD4C79	CBEACA2A	2222----
74DD4C79	CCE63E51	2-------
74DD4C79	CDD18DE3	5-------
74DD4C79	CEEB5EC7	33------
74DD4C79	CF058F5E	5-------
74DD4C79	CFE7BEA4	222-----
74DD4C79	D1956CCE	2222222-
74DD4C79	D50D9ECC	000000--
74DD4C79	D52506C8	-5------
74DD4C79	D5C3C52A	0-------
74DD4C79	D5DF998C	0-------
74DD4C79	D71A34BD	0-------
74DD4C79	D7AE2661	4-------
74DD4C79	D7C7868C	0-------
74DD4C79	D849FE84	0-------
74DD4C79	DB69383B	00------
74DD4C79	DD0B0A85	0-------
74DD4C79	E211725B	00000---
74DD4C79	E6576864	000-----
74DD4C79	E6F67AE1	22222---
74DD4C79	E7AAF51D	00------
74DD4C79	EA3D79C1	4-------
74DD4C79	EACAE80E	4-------
74DD4C79	EAF01CED	0000----
74DD4C79	EB2D0C97	0-------
74DD4C79	EE667A32	0-------
74DD4C79	F1BE31E8	3-------
74DD4C79	F1FAA43F	5-------
74DD4C79	F3F54BE0	00------
74DD4C79	F977E904	223-----
74DD4C79	F9AC8596	000-----
74DD4C79	FECB97CC	5-------
74DD4C79	FECEE06F	0-------
74DD4C79	FEF8F9BC	011-----
74DD4C79	FF5FCFD4	0-------
74DD4C79	FFB74B45	00------
